"permutation","lod"
1,2.99960277165519
2,2.80619171491344
3,2.67273805250102
4,4.15378335050013
5,2.47702855907573
6,2.4170564962576
7,3.09015438242704
8,2.82253128816865
9,2.66892852217984
10,4.00246507221027
11,3.68415751922248
12,3.93846355690653
13,2.33494668430421
14,3.09246368892332
15,3.94382976455336
16,4.46996477358971
17,3.91381517951618
18,3.11022501023444
19,2.52176805314684
20,3.22025025096468
21,3.43143852059393
22,2.84531172023867
23,4.55531551040804
24,3.25754696762056
25,2.2267630537383
26,4.50796991629841
27,2.80209757992225
28,3.30170218601188
29,2.52277550791155
30,3.31358197312784
31,4.15390130080846
32,2.88723139686567
33,3.53267090981785
34,3.5339106939557
35,2.20315654978322
36,3.77150817248776
37,4.61305257219533
38,2.79492800350295
39,2.69469490261667
40,2.64742470502392
41,3.79936193511276
42,2.83575091947409
43,2.60525197542211
44,2.59242774392442
45,3.29732742085253
46,2.96050768368968
47,2.76530220124255
48,4.45655178367088
49,2.47118641450038
50,3.32976643744723
51,3.03192073090236
52,4.05933620316068
53,3.79951974327696
54,2.86182201615475
55,2.84054087072491
56,3.84207939843259
57,2.83363138860204
58,2.7312404082279
59,3.19311188623533
60,3.11769364326574
61,3.54809027019633
62,4.0010226725035
63,3.40756802743181
64,3.0800352160818
65,2.93125044942144
66,3.196556953352
67,2.97060657415068
68,2.41055396877346
69,2.83528414083821
70,3.13896309270922
71,2.8694720313099
72,2.76441314344197
73,2.4808104700769
74,3.21853207729646
75,2.51946145248849
76,2.32101396988196
77,3.18485146257058
78,2.00694930543841
79,3.28149265853267
80,4.1816834542451
81,2.99899865300745
82,3.17331543424825
83,3.85985604589814
84,2.82038566209962
85,6.00549441001885
86,2.79661928943256
87,3.69692510789696
88,3.94162568166848
89,2.98488523219089
90,3.41116132389629
91,3.21528298068688
92,3.11909148936957
93,2.51151339033572
94,2.69285720210974
95,2.05694796029275
96,3.0492863161337
97,2.57262991812604
98,3.00846072228092
99,2.61534489299584
100,3.43211681159369
101,2.72389095927906
102,2.1608924131715
103,2.5966592748066
104,3.15629851753579
105,3.00893738418949
106,3.81107546739349
107,2.56548751635887
108,2.76239838458037
109,3.01149759274335
110,3.00620194111343
111,3.78606379415555
112,4.07799727599536
113,3.96476697022285
114,3.07132566617224
115,2.43414716561279
116,2.90214455549881
117,2.57895008988316
118,3.51475874004677
119,3.29861512880984
120,2.92527233332885
121,4.24411838062656
122,2.87526094908071
123,4.53054224759103
124,3.77523190161128
125,2.66508708369906
126,2.37440871274271
127,3.98228263624628
128,2.74581541246107
129,3.08052911485697
130,2.64383306560808
131,2.59957320336616
132,2.8802812395013
133,2.19840489960029
134,2.78015675244251
135,2.91305976113676
136,2.52332646010723
137,3.31724675308192
138,3.06347119421412
139,2.31722020074085
140,2.6642156971036
141,2.67103701660403
142,3.25888830684698
143,2.24512724662236
144,2.39112369116879
145,2.92551820182393
146,2.95607757501307
147,2.94809682577284
148,3.94134369197991
149,3.42038212292482
150,2.9921467017175
151,3.2441520429868
152,4.79685533747693
153,3.56651420356752
154,3.31241970584415
155,3.90161637869323
156,2.76080665096697
157,2.9704606283301
158,2.62352328829229
159,2.56910782764089
160,3.44094563286421
161,2.79487987069274
162,2.82288882444095
163,2.74025368067009
164,3.07082626168858
165,3.1033236727485
166,3.06609737182407
167,4.02539347275365
168,3.51380117481744
169,3.11068835772608
170,3.24029255250821
171,4.52984697178408
172,3.0901167969073
173,3.01466979250131
174,3.4395284885054
175,2.39559063105548
176,2.20153339646095
177,2.42537625908312
178,2.93675655681886
179,2.63047732635573
180,2.67627029850973
181,3.16237498231476
182,3.95730211306454
183,3.48828476210133
184,2.57544572968595
185,3.65452937815712
186,3.1708057633648
187,2.82049708635554
188,3.65187565091355
189,4.47388574235833
190,3.87440356797856
191,3.23355839935653
192,3.30533372958189
193,2.5873681384619
194,4.2633790728305
195,3.24042377267051
196,4.28529603738389
197,3.80939690848663
198,3.07650569085786
199,2.92030781441372
200,3.94453530556621
201,2.20386829604513
202,2.66388427118613
203,2.75793048135779
204,3.64133438734484
205,3.90230104160378
206,4.80549686750373
207,2.49618007698132
208,2.83001878783443
209,2.26241178725718
210,2.87528810607637
211,2.92051620917164
212,2.15626526308688
213,3.29728765644677
214,2.74716199938325
215,3.00013702404931
216,3.16974248589895
217,3.61361098406587
218,2.43255440535813
219,2.96636310044869
220,2.54745345086394
221,3.34207097166086
222,3.24405444797208
223,3.78298419302132
224,3.34911984517476
225,4.47270636507733
226,4.54289089501344
227,3.7050656895633
228,3.1153308855296
229,2.28005573482665
230,3.36391523509042
231,3.6002672153636
232,4.63515851455008
233,2.41471323428959
234,3.67046244827657
235,4.04634418584214
236,3.32143872618531
237,2.7520675581809
238,2.75039648276834
239,3.65882796213486
240,3.51079055345554
241,3.00012935894233
242,3.76575436221719
243,3.4595230769437
244,2.67905342264271
245,3.30116685381608
246,4.10470244425005
247,3.04661859941484
248,3.42366077171118
249,2.62833997336975
250,3.38804634906614
251,2.41578204154052
252,4.30564671186971
253,2.78171269284121
254,4.04980462563367
255,2.37019425099402
256,2.92334751615704
257,2.99724169706269
258,3.8791253573329
259,3.65593393401673
260,2.92781325624173
261,2.73595637572703
262,3.44197100797032
263,3.34500817311073
264,2.54059594622345
265,3.6348185201964
266,3.16561392649032
267,2.73044308219824
268,3.5463089602099
269,3.04640437947387
270,3.06842195366653
271,4.98726664655442
272,4.52116932539548
273,2.76465898234142
274,2.87086525311611
275,2.54019573889468
276,1.84988228724842
277,4.75284778996456
278,2.89244300094197
279,3.60947179000459
280,2.80064699371496
281,2.88059234349089
282,3.41515171687774
283,6.09233875062387
284,2.97397529303203
285,2.90121050355629
286,4.09488203334945
287,3.84670618480754
288,2.5676805972189
289,3.35309858156052
290,3.94158149720261
291,2.36867758568405
292,2.72203148821154
293,2.43353964585776
294,2.96354687853
295,2.73204155837493
296,2.23313447297755
297,4.1225260971587
298,2.28429048484077
299,3.30677568617079
300,3.57487837762096
301,3.61288830118519
302,2.522587586192
303,2.18928941026843
304,5.30204007948964
305,4.14349705164113
306,3.94072016476366
307,3.65060909692988
308,3.06765038247931
309,3.94234896822081
310,3.78276815181448
311,3.49578659979034
312,3.28824634647799
313,3.16685958714015
314,3.58037411635087
315,2.99999583123645
316,3.85584299144512
317,4.46231555591885
318,3.56903091974937
319,2.63361250294383
320,4.13877740951034
321,2.62349610467913
322,4.57896632241227
323,2.84613882339136
324,3.32555793731217
325,3.01457141759556
326,3.69470429697026
327,3.17330515151571
328,2.5827653359313
329,2.87949925555313
330,3.13180830404895
331,2.70882661904375
332,3.11274862857044
333,2.59262065756729
334,3.70372947194755
335,2.75365118138166
336,2.65988333033783
337,2.94538889743171
338,2.93153930111498
339,3.10426217822783
340,3.61615135368584
341,2.25584289363383
342,2.81127263420626
343,2.32320628701405
344,3.873956587679
345,3.48321544948999
346,2.59729521564236
347,3.7968889807521
348,2.78912630471814
349,3.94982133206054
350,4.06577060352583
351,3.78961311295166
352,2.56349095772703
353,3.62876054805884
354,3.72660115074973
355,3.2100321688481
356,2.83241492974503
357,4.1789065661676
358,3.52662298162477
359,3.26197420946642
360,3.3885026697385
361,3.15953142501144
362,3.41927430231704
363,3.67058574204361
364,3.0743200118668
365,3.49951010610175
366,3.06758845662262
367,3.30336546196349
368,2.93240148265795
369,2.81076412345942
370,3.46716058258062
371,2.50199821217871
372,3.02649291024204
373,3.89626598376822
374,3.73415671928979
375,2.70896931651464
376,2.39512534885557
377,3.77439264542909
378,3.61398424730942
379,3.32721233847997
380,3.31607845630447
381,3.83479604877516
382,3.42966521392918
383,2.74218331174279
384,3.84030042369409
385,3.21257354277191
386,3.22857078859579
387,3.42085918824182
388,3.411300100679
389,3.0564177047097
390,4.23329587034368
391,2.54082270095182
392,3.37900289604499
393,3.87133229742744
394,2.86677474909357
395,2.67328836156321
396,3.52465554600622
397,3.16738725603295
398,3.9701119490876
399,2.53002731683
400,2.78087829420929
401,2.21487563464302
402,4.62422105257929
403,4.22544779894474
404,2.75967354356385
405,2.71069073928197
406,2.97434505708179
407,3.0348733498322
408,2.49238217703237
409,3.79333707568321
410,2.9424786276968
411,2.84126010145224
412,3.26077148474747
413,2.55829657974732
414,3.92970462135509
415,1.95494051486594
416,3.29505121597072
417,2.84175639607338
418,3.39474884739752
419,3.22550108558926
420,2.84595832636705
421,2.86005331002389
422,3.60185117431411
423,3.29614558439334
424,3.51995351825303
425,3.6687497343421
426,2.50949401052389
427,3.58314084334347
428,3.26375731715848
429,4.7137318661587
430,3.43673611419081
431,2.00836050223074
432,4.21726749906748
433,2.59767267034999
434,3.42737098919952
435,3.22203467943109
436,2.49787191756013
437,2.88582548030854
438,4.68519591098789
439,2.60017742033165
440,2.62526433971129
441,2.26451522240291
442,3.13196734971712
443,3.51559164197283
444,3.28807054038839
445,3.40328328571582
446,3.30528310438467
447,3.38467222482154
448,2.45313917791123
449,3.9725100605956
450,4.30914982834861
451,2.80299352511474
452,2.49256868928956
453,3.27562590257207
454,2.6825359745676
455,3.70906098256364
456,3.11285057874875
457,3.79103924752553
458,3.58626073024379
459,2.49128743576352
460,3.0215906537594
461,2.5580764328854
462,3.03032682329899
463,2.86385115139092
464,3.38509434657226
465,2.9929925037568
466,3.25637048179078
467,2.79741103589572
468,2.2618763960063
469,2.3556374624975
470,2.57400992380872
471,4.17657197328504
472,3.44814517021109
473,5.5537075230659
474,3.78095772897836
475,3.31154499355102
476,3.29124112717068
477,3.8315781409467
478,3.99263384243477
479,2.83030199909035
480,3.84862766139486
481,2.81667177240524
482,2.83982761690277
483,2.74351248339531
484,3.14153441568328
485,3.34696025413791
486,3.63519156718712
487,4.80846136706123
488,4.11079005381453
489,2.80212803264294
490,3.02979669368324
491,3.88428781801872
492,3.32099569862021
493,2.71121672426216
494,3.78567433705666
495,4.03393980724036
496,3.01576135125538
497,4.28738427209123
498,2.69193123664786
499,3.73114914276971
500,3.44337965670297
501,2.86626588948207
502,3.92096437960436
503,2.75313502584845
504,2.59705548372085
505,2.53353859734625
506,2.87266011781617
507,2.25932624761549
508,2.31828219208091
509,3.26188253199143
510,3.14401991326599
511,3.42143096139625
512,3.12998379545343
513,2.92996136978604
514,2.9672122877073
515,3.02376990092375
516,3.40460446176326
517,2.66377560506248
518,5.87355371653098
519,4.47200322601384
520,2.42159538882379
521,3.05385029442346
522,3.39470534594193
523,2.84333147960865
524,2.45363168358858
525,3.65414548481067
526,6.55391868785159
527,3.47744336830533
528,1.9192081099236
529,3.62620189736253
530,3.61970731540964
531,3.05110169760997
532,3.22503400094593
533,2.26744717561814
534,2.89672103278758
535,2.98970821923967
536,3.66780076295368
537,2.44898144968965
538,3.0291189174734
539,2.98784589839192
540,3.57777930588281
541,3.40625414524698
542,2.47941777966071
543,2.99248006615176
544,3.83482145977018
545,2.9412807820438
546,4.32974797903012
547,4.32490923759474
548,3.21807330764796
549,2.47195179526284
550,2.91038896299233
551,2.24761560219736
552,4.45290625168491
553,3.28953095310635
554,2.9715641472194
555,3.40187392795838
556,3.29310221935839
557,3.93041533191422
558,3.0289714265391
559,3.70407094374423
560,3.25088302316885
561,4.60533391711942
562,2.17523112312256
563,3.02971755323597
564,3.16394405186361
565,2.53133018888047
566,4.87769205079849
567,3.690393419781
568,2.8752779342426
569,3.69132842868498
570,3.49892264535652
571,2.53878097631309
572,2.32243340328432
573,3.85898459165423
574,4.3846657189049
575,4.65166454568543
576,3.97550764416405
577,2.27656812118039
578,3.22468263434143
579,3.25926829170635
580,3.25248211146345
581,3.28870683720265
582,2.75452241431412
583,2.51828831920056
584,2.37368365574844
585,3.79794071312358
586,3.58025279705521
587,2.96595938710379
588,3.07473699521279
589,3.08384988999819
590,2.995661240544
591,4.02734685360315
592,3.72013891677989
593,3.07136878250571
594,2.42893058130608
595,2.23123612739528
596,3.19798203270147
597,2.52013909282596
598,3.06148051239961
599,2.88763165353771
600,3.26123927315439
601,3.21147844230518
602,2.22770607044981
603,3.73187716309212
604,3.79480277712787
605,2.73304505619626
606,1.97018769675242
607,3.87909515789511
608,3.27428993748708
609,2.89993703670075
610,2.26286374125675
611,3.39387260714693
612,3.35258091467995
613,4.22633715271263
614,2.7943131319762
615,2.30801143112922
616,2.77732466921248
617,3.25295462353324
618,2.93918044868678
619,3.35714454054278
620,3.03814962434217
621,2.6062800560594
622,3.46458372728034
623,2.84306316418088
624,3.8723035887831
625,3.01026720063373
626,2.98244289623653
627,3.28378701224847
628,2.73926470594665
629,3.08105195971484
630,3.04360627533879
631,3.90760826664405
632,2.62642299678919
633,3.46167846509798
634,2.18868656755694
635,2.93254220324775
636,2.98474231261594
637,2.38254565980128
638,4.90547182280829
639,2.97224123269984
640,3.22332882799242
641,3.29556648264474
642,3.15514387641065
643,2.33313172463681
644,3.21679429822893
645,3.07385667686572
646,2.76858947009009
647,2.83900443936477
648,2.66145602001279
649,3.07759198610529
650,2.63145520626426
651,2.7373143600812
652,3.79598503102352
653,2.38426212013428
654,2.81023338218756
655,3.21820356232774
656,3.30358583754605
657,3.47557894555598
658,2.44170789427631
659,2.68765753161051
660,2.70102042933718
661,2.91209759985122
662,2.37277654822856
663,3.50128672392611
664,4.15805121827202
665,5.0467110655959
666,2.50604564896844
667,2.69657971356855
668,4.18131219442807
669,2.08693494239765
670,4.16761307353045
671,4.51473473918986
672,3.8798227686475
673,2.56471663628304
674,3.0136782472598
675,3.31925010176678
676,3.30807707797567
677,3.28886995745097
678,2.67394140788883
679,2.75454384637396
680,2.85838737923154
681,2.80726623934061
682,2.96012450962394
683,2.78215629892111
684,2.45133287661815
685,3.91610916567424
686,3.52998292286361
687,2.39891256675173
688,4.12711686824559
689,3.31920553616578
690,2.81847670382786
691,2.38617855993516
692,3.07257282928526
693,3.37542872313111
694,3.72091852260473
695,2.27365456457005
696,3.63810125082068
697,2.84931017835788
698,3.5992459605759
699,2.32872706659873
700,3.86223678724491
701,2.28116798466863
702,4.17901072995619
703,2.80651606631909
704,2.55061114195496
705,2.79629493054176
706,3.01326910486841
707,2.7956968959586
708,3.10858090934016
709,3.47217582256349
710,2.97828713288663
711,3.28635369047606
712,3.60683807731948
713,2.94784303490155
714,3.31350476968396
715,4.39970214530945
716,4.00773018023392
717,2.75511546900566
718,4.60033376774868
719,4.53822153395686
720,4.01424400929341
721,3.47752397196405
722,2.91586347514976
723,2.86974284445387
724,3.38181402920964
725,2.81066963589365
726,2.05585660878774
727,2.86336619405256
728,3.17963758779206
729,2.91833194396463
730,2.72673759406803
731,2.33390936551359
732,3.05339228002413
733,2.99910462150842
734,3.08279199969979
735,4.06586748769405
736,2.89379621403805
737,3.36407640256311
738,2.81494814100415
739,3.17982893069143
740,3.00830532584791
741,2.75386399535614
742,3.22776536731249
743,2.62780098255826
744,2.80909019878891
745,4.55989410840084
746,2.08410659140804
747,4.73689954238012
748,2.27547443622325
749,4.40722132468613
750,3.10804872946164
751,2.96059533071798
752,2.90719886174134
753,2.69336663153695
754,2.14043644230287
755,3.06874282225863
756,3.33979410440907
757,4.29416076885559
758,3.86062214979188
759,3.1051664931224
760,2.95692872395716
761,3.07400066402874
762,2.416546936754
763,2.5408459687676
764,4.42027570181972
765,2.66436787929115
766,3.90089964072649
767,2.37362247620831
768,2.80591649205007
769,2.47990465452085
770,2.6722716802667
771,3.59412836367846
772,3.3798135895438
773,4.25657262436675
774,3.01422512606609
775,3.43427206790034
776,4.04715974383021
777,4.06801802552809
778,3.18659314758656
779,2.76623040776076
780,4.27344323905959
781,3.48642968543845
782,2.69553394360287
783,2.97442595331177
784,4.1322979802901
785,3.20056723586504
786,3.02193652097753
787,2.58432503665017
788,4.34489195540482
789,3.16203586334154
790,2.55508946090436
791,3.80876155954388
792,2.35483800980251
793,3.97766802332058
794,2.81841613504753
795,2.38519266588924
796,2.45799951070921
797,2.83141483032546
798,2.11000922174003
799,3.06176145404993
800,3.83311731842605
801,3.83190938256485
802,2.97521234639476
803,2.83377695920512
804,2.47356342069293
805,3.50841703754304
806,4.59154658104262
807,2.31169486945555
808,3.24788430359763
809,4.00604478477794
810,3.03249703460892
811,4.36380612956464
812,2.99688302003119
813,3.61631168457416
814,3.3486697382607
815,3.53722072951405
816,3.06328316357758
817,2.6104835736503
818,2.98703064268852
819,2.62998631553842
820,3.90800183685701
821,2.74272492214891
822,2.83256319139491
823,2.96383185507193
824,3.47803747452758
825,2.21162898378043
826,3.25244849644059
827,2.74404423373653
828,3.71466479476567
829,3.09450469510193
830,3.13267065088326
831,2.9234888807116
832,2.81747792586543
833,2.34294892384287
834,2.33446376661004
835,4.50442263766695
836,2.77080646791069
837,2.65022784570715
838,3.01306490257321
839,3.13819620916365
840,4.87117461582807
841,2.64454177157677
842,2.74668618607006
843,2.99678971067624
844,2.20608572588708
845,2.93585816183145
846,2.37375721838566
847,3.13392069541123
848,3.26885381738816
849,2.89819324757332
850,2.93638491080856
851,3.16364924806635
852,2.31332741483243
853,3.225902785073
854,3.63227938709724
855,2.8781225684836
856,3.49417282522882
857,2.89333468362815
858,2.98924410864493
859,3.78431393635719
860,2.40313823023826
861,3.24474228561439
862,3.62909738169765
863,5.11072884384839
864,3.69804781570338
865,4.0372378310949
866,3.82121107811554
867,2.39541717064253
868,3.68956671881188
869,2.63896335777031
870,3.54772355194564
871,3.44056965302502
872,3.48915251372728
873,2.22510348984724
874,4.23124665686828
875,3.3971624621222
876,2.92015344374477
877,2.03257426971595
878,4.5258397466373
879,3.06352922483188
880,2.87329724893425
881,2.96072863840163
882,4.28060765562964
883,3.00949674950607
884,2.81280606066866
885,2.5817858675216
886,2.68289711917055
887,3.2914970011268
888,3.41344949686413
889,2.54569781130317
890,2.77302655783728
891,3.92179274491173
892,3.53106765883331
893,3.25164453150705
894,3.70126502311155
895,2.67175834661703
896,3.32138145702561
897,3.43197660315855
898,2.83455137083683
899,3.61230770407997
900,4.47745336025037
901,4.06035146044837
902,2.51789427613789
903,3.29933778287773
904,2.68068094694013
905,2.86130346285518
906,2.93559901367848
907,3.02272836165776
908,4.11320576744106
909,3.16941797255799
910,3.44470493862195
911,5.00814638832298
912,3.08085446268637
913,3.01887757979216
914,3.09160829344978
915,3.17410601289066
916,3.75476608568738
917,4.16992609629301
918,2.87537980864886
919,3.87749400578605
920,2.64460590281215
921,3.65742912268115
922,3.00599076414142
923,2.75841300694628
924,2.5919194941871
925,2.85421712395237
926,2.48560842078018
927,3.30240285377727
928,2.34051650727906
929,5.03116631087073
930,2.95067756340563
931,2.47302500847741
932,3.61369574367131
933,3.32976765407307
934,2.57716093826548
935,3.42653496716366
936,3.55201513775046
937,3.41057889532249
938,3.08835087657417
939,3.04346303549823
940,4.12481438039231
941,2.23449566097179
942,3.01390625205318
943,3.59415773056685
944,3.26136534530224
945,3.36161743342677
946,2.57789219555411
947,3.33362496647078
948,3.03116385331782
949,3.94056052463998
950,3.91069059535903
951,2.87732312918502
952,2.46661093993498
953,3.21108920187112
954,3.05735713954164
955,3.69028753344628
956,3.44768519933541
957,3.42853441072248
958,2.37035615985155
959,2.77191254894433
960,3.22456501119859
961,2.82740448101208
962,3.67013768656921
963,3.0317350630055
964,4.4352861233458
965,2.15868651867959
966,2.7520387540817
967,3.38063472687008
968,3.07200723063352
969,3.93069472721504
970,3.2644498800164
971,3.29905741276616
972,2.65981794850222
973,3.54897608623287
974,3.44238284163089
975,3.15446954358322
976,3.09773239895867
977,3.05710004467414
978,3.29280669864579
979,3.08578737173184
980,5.62256750647862
981,3.26596128125493
982,2.67514372700975
983,3.79496704326493
984,2.80197809321339
985,3.69530853789661
986,3.2352577566985
987,3.42577807283647
988,3.61899736384862
989,2.41183811093242
990,3.4314453011325
991,2.77175868447353
992,3.45709413959958
993,2.72395483466198
994,2.8275348847435
995,5.26241310839328
996,3.03839454769923
997,4.15316268652123
998,2.46265608210206
999,3.58382119414387
1000,3.94716096113279
