"marker","chr","pos","lod"
"1_443667","1",0,0.435715585144408
"1_2822616","1",0.809001,0.528840301798027
"1_334737","1",4.824502,0.668005991004293
"1_93619","1",6.573003,0.613765015893705
"1_268616","1",6.573004,0.613765015890067
"1_547952","1",6.772005,0.591898814790511
"1_631086","1",7.172506,0.624710993456119
"1_741516","1",7.622007,0.498563811045187
"1_1060803","1",8.427508,0.431295018962601
"1_1170229","1",8.727009,0.497529784103108
"1_1304008","1",8.77701,0.525617223387144
"1_1400565","1",9.126011,0.622174405738633
"1_1623606","1",9.577012,0.578849251272914
"1_1999515","1",9.978013,0.566329120044657
"c1.loc10","1",10,0.567451446046107
"1_2306205","1",10.379514,0.592205203338835
"1_2145831","1",10.579015,0.573321647180137
"1_2424927","1",10.728516,0.667895836875687
"1_2618562","1",11.584017,0.718716713313825
"1_2718543","1",11.733518,0.611950163599204
"1_2955463","1",12.285019,0.466559873013011
"1_3008587","1",12.48452,0.499147517840811
"1_3077430","1",12.785021,0.504987784998775
"1_3325315","1",13.592022,0.463753874556915
"1_3523735","1",14.194023,0.531788954195235
"1_3758335","1",14.645524,0.544362875761863
"1_3959025","1",15.148025,0.55139158010229
"1_3142598","1",16.740026,0.535758510333153
"c1.loc20","1",20,0.426248475753937
"1_4517681","1",22.412027,0.374767349306921
"1_4613003","1",22.662028,0.444073392575547
"1_4681418","1",22.811529,0.382910200400374
"1_4913189","1",23.31453,0.42862913300246
"1_5045973","1",23.414031,0.447789851520611
"1_5191317","1",23.866032,0.352030868108386
"1_5782424","1",25.089533,0.431785994814845
"1_5940848","1",25.139034,0.425407735367571
"1_5860561","1",25.189035,0.416815947491841
"1_6034925","1",25.439036,0.385040065257726
"1_6215954","1",26.043037,0.291545901734935
"1_6320667","1",26.495038,0.336862949467786
"1_6966756","1",27.510539,0.414440917209276
"1_6763976","1",27.61004,0.357350860301722
"1_7478412","1",28.214541,0.305704746944684
"1_7377641","1",28.264042,0.304938556327215
"1_7643877","1",28.464043,0.319244833211542
"1_7710739","1",28.714044,0.303797654757545
"1_8017533","1",29.014045,0.246767488435125
"1_8371555","1",29.415546,0.244278594640718
"c1.loc30","1",30,0.224318034620865
"1_9320212","1",30.122047,0.22260080232013
"1_9183554","1",34.881548,0.237254452384377
"1_9254255","1",34.931549,0.225677054307653
"1_9696161","1",35.23155,0.237297659234173
"1_9997807","1",35.582551,0.196922578734302
"1_10143990","1",35.882552,0.167423120123658
"1_10270991","1",36.082553,0.178739960683515
"1_10197542","1",36.082554,0.178739960685334
"c1.loc40","1",40,0.430695184283877
"1_10327568","1",41.742055,0.495224835489353
"1_10502666","1",41.841556,0.481602238689902
"1_10608149","1",41.891557,0.496703359365938
"1_10871127","1",41.991058,0.442283112413406
"1_10668596","1",42.041059,0.445994651216324
"1_12994384","1",42.49256,0.374939157644576
"1_11933074","1",48.529061,0.632276816028934
"1_11409494","1",48.728562,0.53564024788011
"c1.loc50","1",50,0.440197046849789
"1_12424864","1",50.991563,0.372758403686248
"1_12562013","1",51.645064,0.391247278323817
"1_12633525","1",52.197065,0.411266176337449
"1_12754531","1",52.246566,0.379283931021064
"1_12827804","1",52.547067,0.406482165272109
"1_12892148","1",52.847068,0.442629956884048
"1_13380398","1",53.298569,0.497178627447965
"1_14682355","1",53.64807,0.421539239554932
"1_14789269","1",53.648071,0.421539239545609
"1_16657949","1",55.181572,0.344330828720331
"1_17438406","1",57.076573,0.537642019663735
"1_17835220","1",57.729574,0.506359422382729
"1_18659545","1",59.895075,0.562948267395768
"1_18877141","1",59.994576,0.700633167222577
"c1.loc60","1",60,0.700270884573229
"1_19421864","1",62.032577,0.562911391824855
"1_19775332","1",62.939578,0.627574442155492
"1_20297007","1",63.541079,0.662624307572514
"1_20624760","1",64.49458,0.703493369283251
"1_20722844","1",65.252081,0.480212838248235
"1_20843669","1",65.804082,0.3487198885
"1_20914451","1",66.306083,0.343273616884971
"1_20986109","1",67.218084,0.674209805375995
"1_21277450","1",67.569085,0.673373014479239
"1_21821786","1",67.919586,0.640022363759954
"1_21945869","1",69.332087,0.617166117415763
"1_22123159","1",69.933088,0.558132932808576
"c1.loc70","1",70,0.547386654659476
"1_22193391","1",70.233589,0.508785502898263
"1_22352558","1",70.93509,0.422668221002596
"1_22424733","1",71.234591,0.43275500329969
"1_23051638","1",73.788092,0.518720278877254
"1_23108100","1",73.987593,0.564672818249164
"1_23733091","1",74.490094,0.559409450813973
"1_23665313","1",74.739595,0.516217796723822
"1_22974826","1",76.331596,0.280435330220371
"1_22701079","1",79.277597,0.566162052355367
"c1.loc80","1",80,0.618614895487781
"1_22874519","1",84.362598,0.865593985624855
"2_328355","2",0,0.818680074322629
"c2.loc10","2",10,0.213391136140899
"2_10978","2",18.164501,0.255907956142892
"2_583705","2",18.765502,0.172001838423284
"2_681324","2",19.824503,0.187575204076211
"c2.loc20","2",20,0.187930871782783
"2_854531","2",20.780004,0.185456564161768
"2_953454","2",21.734005,0.337832716898674
"2_1626662","2",23.148506,0.618292275578824
"2_2263163","2",25.472007,0.914838428802341
"2_1755729","2",25.672008,0.731021556092173
"2_1876931","2",25.972509,0.789477773201043
"2_2348470","2",27.61751,0.835844287227701
"c2.loc30","2",30,1.38288307278935
"2_2688648","2",30.546511,1.47742254796708
"2_2787199","2",31.253012,1.71741738663582
"2_2912460","2",33.042013,1.72174742283755
"2_3061567","2",34.057514,1.99116193561508
"2_3271376","2",34.560015,2.04854196913561
"2_3531507","2",37.165516,2.12418993841766
"2_3665247","2",37.516017,2.375650396315
"c2.loc40","2",40,3.04759828102237
"2_3759497","2",41.018018,3.21174934405099
"2_4288608","2",42.984019,5.20453677653654
"2_4497054","2",44.40252,6.58805626606295
"2_4599939","2",46.176521,6.87036072789056
"2_4703733","2",47.184022,6.98933726970017
"2_4825658","2",48.292023,8.08413407232592
"c2.loc50","2",50,9.85263517153908
"2_5966830","2",58.154024,15.9692691611979
"2_6129731","2",58.353025,16.1643910345956
"2_6241099","2",58.603026,16.4146861373367
"2_6781830","2",59.002527,17.0136179255624
"2_6490761","2",59.909028,18.4650959126532
"c2.loc60","2",60,18.55690288654
"2_7412824","2",61.219529,19.3406301219493
"2_7651035","2",62.32653,18.5458882819421
"2_7919124","2",62.877031,19.2998853467809
"2_7999319","2",62.926532,19.874289470182
"2_8110161","2",63.326533,20.5194570729561
"2_8206685","2",63.376534,20.615889641806
"2_8319548","2",63.426535,20.3769846338487
"2_8433331","2",63.675536,20.6189569050262
"2_8579012","2",63.825037,20.4137420406892
"2_8487996","2",64.025038,20.5441982706659
"2_8709614","2",64.777539,21.4580255421004
"2_9074768","2",64.92704,21.3314769934705
"2_9127853","2",65.226541,21.9299065917423
"2_11004272","2",65.777042,22.0085688193381
"2_10312496","2",67.846543,21.9156254708494
"2_13969416","2",68.298544,22.6632624782776
"c2.loc70","2",70,23.2910247934169
"2_14873799","2",70.942045,23.3560457747299
"2_16603629","2",71.141546,22.7617832276064
"2_16741500","2",71.291547,22.9671304610115
"2_17012389","2",71.391048,22.9923654694621
"2_17246760","2",71.441049,22.9923629399739
"2_17478449","2",71.54055,23.2842764418283
"2_17347640","2",71.590551,23.5289090939614
"2_17720094","2",71.840552,22.8094170841314
"2_17785364","2",71.890053,23.0753896786055
"2_17916691","2",72.090054,22.4566950499095
"2_18194652","2",72.140055,22.4036951736248
"2_18448449","2",72.239556,22.3519641902042
"c2.loc80","2",80,13.5896181341957
"2_13029837","2",80.821057,12.1276970592182
"3_342741","3",0,0.481658296764635
"3_609816","3",2.565001,0.464960742068115
"3_2314233","3",2.815002,0.382441597782645
"3_4920649","3",2.815003,0.382440862337489
"3_2901369","3",5.160504,0.332502131655019
"3_3251513","3",9.904005,0.287179274061145
"c3.loc10","3",10,0.275493530303947
"3_3488939","3",10.104006,0.27437640061612
"3_3905978","3",10.657007,0.308054392298345
"3_4315306","3",10.957008,0.328699594932459
"3_4565569","3",15.057009,0.322825899533882
"3_4822693","3",17.35551,0.280864480603896
"3_4988294","3",17.959511,0.36873481129328
"3_5155501","3",18.159512,0.440938767405214
"3_5232850","3",18.662013,0.355217663993471
"c3.loc20","3",20,0.336800955153194
"3_5583374","3",22.343014,0.332674961350904
"3_5507072","3",22.593015,0.332674984691721
"3_5797319","3",26.045016,0.321155216679699
"3_5885034","3",26.396017,0.271492677565902
"3_6000617","3",26.545518,0.283630632352242
"3_6426810","3",27.958019,0.299612034315942
"3_6848850","3",28.25802,0.339960713507026
"3_6650857","3",28.859021,0.400004665465531
"c3.loc30","3",30,0.545284018076018
"3_7155917","3",30.274522,0.590846577422553
"3_7220808","3",30.474023,0.497065206807974
"3_7472345","3",32.060024,0.429067564220077
"3_8428406","3",32.160025,0.149445212588716
"3_8256808","3",32.160026,0.149445225783666
"3_9162339","3",33.221527,0.132777079267044
"3_9224651","3",34.488528,0.174238306545931
"3_9374964","3",34.638029,0.271648033792644
"3_11252155","3",35.39003,0.176532025385541
"3_10121298","3",35.841031,0.215749786170136
"3_14850509","3",36.240532,0.0736920364422531
"3_14442063","3",38.153033,0.0745405812413082
"3_13319654","3",39.744534,0.0997842239974034
"c3.loc40","3",40,0.0951313379596286
"3_15938806","3",40.553535,0.0863646601410437
"3_17950996","3",41.311536,0.307200395382779
"3_19365074","3",42.275037,0.319470186230774
"3_19297395","3",44.294538,0.319484377071603
"c3.loc50","3",50,0.320275194651231
"c3.loc60","3",60,0.321541969643704
"3_19690734","3",60.039539,0.321545909815995
"3_19133207","3",60.18904,0.626442751983632
"4_700172","4",0,1.38574715979144
"4_130509","4",0.300501,1.4751639649387
"4_1028787","4",2.137002,0.810000109955354
"4_1187713","4",3.244503,0.84810665228747
"4_1307469","4",3.594004,0.649430759194956
"4_1391400","4",4.195005,0.847531686137472
"4_1715906","4",6.021506,0.906634256152302
"4_1855396","4",6.421007,0.901650278274701
"4_2096842","4",7.224508,0.923167157527132
"4_2563214","4",8.231009,0.484479241895997
"c4.loc10","4",10,0.669299372116029
"4_2919507","4",11.25651,0.757745220525294
"4_3237352","4",16.642511,1.14638409442523
"4_3597502","4",17.813512,1.33298260904553
"4_3661349","4",17.963513,1.38646260513269
"4_3801978","4",18.063014,1.38555170550103
"4_3893714","4",19.381515,1.68130286825385
"c4.loc20","4",20,1.69189489902305
"4_4437478","4",22.335516,1.44795035118204
"4_4596235","4",23.648017,1.1989903266724
"4_4759072","4",24.148018,1.16385091728625
"4_4948818","4",25.102519,1.64235037959497
"4_5125331","4",26.16252,1.54853234820371
"4_5338718","4",26.614521,1.78460959643371
"4_5638153","4",27.925022,1.73004420017946
"4_6277410","4",29.808023,1.59814686503114
"c4.loc30","4",30,1.58277506811237
"4_6583166","4",30.814524,1.43673421893527
"4_6678764","4",31.367025,1.60228733953295
"4_6752086","4",32.169026,1.57163166188684
"4_6834788","4",32.368527,1.65546265132184
"4_7003711","4",32.919028,1.75546570103893
"4_7185718","4",33.169029,1.79452716242054
"4_7614182","4",34.07253,1.6188394625749
"4_7771974","4",34.472531,1.66038009266458
"4_8778482","4",34.872032,1.62531152462066
"4_8965154","4",35.271533,1.56888149404995
"4_9107108","4",35.471034,1.58306928929142
"4_9358331","4",35.521035,1.52667590494661
"4_9417403","4",35.870536,1.45191117048989
"4_9541495","4",35.920537,1.41747700099677
"4_9602051","4",36.020038,1.42475392606775
"4_9681702","4",36.069539,1.48128630206838
"4_9800666","4",36.11954,1.61570476746988
"4_10789218","4",36.975541,1.75709067270327
"4_11031511","4",37.778042,1.77920224872514
"4_11238026","4",37.928043,1.75708503009696
"4_11802988","4",38.378544,1.50518695090432
"c4.loc40","4",40,1.41851276342231
"4_14162870","4",40.206545,1.39445045960952
"4_14745243","4",41.317046,1.13374248080095
"4_14809627","4",41.917547,0.948234182116494
"4_14964966","4",42.167048,0.975933353779965
"4_16315879","4",42.969549,0.94714018828904
"4_16491374","4",43.16905,0.981472214382848
"4_17799573","4",45.673051,2.04117206079763
"4_17980355","4",46.830552,2.13426742661522
"4_18311071","4",47.938053,1.95639770345338
"c4.loc50","4",50,2.48349377157842
"4_19017335","4",50.490054,2.61104516413343
"4_19762446","4",52.056055,2.23924711268364
"4_19892780","4",52.407056,2.57022484915342
"4_20004123","4",53.058057,2.43020693578251
"4_20436338","4",53.860558,2.16851250639661
"4_20739437","4",54.461559,2.15462612638862
"4_20837957","4",55.16306,1.94192984260917
"4_21238665","4",57.290561,1.90723546536424
"c4.loc60","4",60,2.09798509866255
"4_21070680","4",61.901062,2.31131385665435
"4_22127549","4",63.974563,1.58911399781346
"4_22215506","4",64.274564,1.7180157994344
"4_22331368","4",64.676065,1.61682827324034
"4_22548287","4",64.775566,1.55910925836929
"4_22272053","4",64.925567,1.56840549616868
"4_22791294","4",65.683568,1.75038854161585
"4_23092663","4",68.517069,1.52388411890729
"4_23360446","4",69.01957,1.56634110491473
"4_23421280","4",69.219571,1.49438652037747
"c4.loc70","4",70,1.64502119166445
"4_23599054","4",71.489072,1.81748107218209
"4_23999526","4",73.469073,0.955681543158335
"4_24312358","4",73.819574,0.628651660926607
"4_24558421","4",74.269575,0.676351497662154
"5_523818","5",0,0.192138128676788
"5_4088551","5",0.502501,0.23810350242502
"5_196931","5",7.719502,1.31164983034114
"5_288102","5",7.769003,1.31353364549864
"5_601862","5",8.069504,1.30413793305297
"5_727574","5",8.269505,1.2205902706778
"5_782424","5",8.369006,1.22967882267358
"5_1120092","5",8.973507,1.51153862461297
"5_1251758","5",9.423508,1.20845714746451
"5_1449735","5",9.875509,1.14983165989543
"5_1508886","5",9.92501,1.25592352095282
"c5.loc10","5",10,1.28313956603029
"5_1652473","5",10.728511,1.5284087885459
"5_2429823","5",10.828012,1.54295256406522
"5_2193315","5",10.927513,1.5366146967292
"5_2540724","5",11.077014,1.63122315081523
"5_2346684","5",11.327015,1.64117377150615
"5_2671340","5",11.779016,1.72836807120484
"5_2816543","5",12.381017,1.690875653783
"5_2970834","5",12.631018,1.77402641166555
"5_3455965","5",14.411019,1.76886207386656
"5_3398262","5",14.56102,1.74559081884331
"5_3554745","5",15.515021,1.36684871000921
"5_3677473","5",15.664522,1.27591892619989
"5_3817250","5",16.114523,1.00475296453101
"5_3885586","5",16.719024,1.53580018931575
"5_3959240","5",17.420525,1.53196414556487
"c5.loc20","5",20,1.1076042720756
"5_4356188","5",20.502526,1.04880260111577
"5_4453596","5",21.106527,0.999022363075028
"5_4915706","5",24.632028,0.748299548466321
"5_5336805","5",25.492529,0.51404048867721
"5_5451693","5",26.19353,0.679712645369591
"5_5541402","5",27.252531,0.786133956941967
"5_5623008","5",27.402532,0.722269471758409
"5_5692636","5",28.981033,0.3667512675745
"5_5764723","5",29.483534,0.349051251092988
"c5.loc30","5",30,0.367701481811764
"5_5884957","5",30.292535,0.376132802320626
"5_6247366","5",31.858536,0.497377791048393
"5_6472536","5",32.361537,0.495996144371702
"5_6351187","5",32.461538,0.459953086798123
"5_6577650","5",33.469539,0.517713679640337
"5_6783807","5",36.58004,0.359058822337829
"5_6864486","5",36.729541,0.289939687371998
"5_7260172","5",37.487542,0.313054777435582
"5_7410044","5",37.787543,0.3028866360969
"c5.loc40","5",40,0.316393186092455
"5_7530014","5",44.370544,0.519402071474588
"5_7605115","5",44.670545,0.58511798123277
"5_7882802","5",44.970046,0.476873168120846
"5_7984167","5",45.220047,0.520281538776089
"5_8075869","5",45.369548,0.559084330921451
"5_8392088","5",45.821549,0.536098744205447
"5_9475202","5",46.67555,0.716917035540064
"5_15156341","5",48.857551,0.648408074396457
"c5.loc50","5",50,0.599024604626493
"5_8669505","5",54.805052,0.665712789681038
"5_8545800","5",54.854553,0.645006692133393
"5_9107670","5",55.355554,0.610305152668161
"5_9249185","5",55.554555,0.743331468957876
"5_9418134","5",55.904556,0.738776672955282
"5_9330484","5",55.954057,0.738395932283993
"5_9760548","5",56.504558,0.737496610318658
"5_9961427","5",57.209059,0.888569375227007
"5_10381269","5",57.35806,0.92592144388459
"5_10303059","5",57.408061,0.910888787553858
"5_10489999","5",57.507562,0.910888565290406
"5_10680744","5",57.657063,0.939408308516022
"5_10597598","5",57.657064,0.939408308503289
"5_10737322","5",57.807065,0.870102073445423
"5_11411896","5",58.106566,1.02234515182158
"5_11488698","5",58.206567,1.01394447560938
"5_12436793","5",59.826568,0.663006497527476
"c5.loc60","5",60,0.624105922868011
"5_12317731","5",60.226569,0.578140147287286
"5_13959256","5",60.32607,0.624568917065517
"5_12177632","5",60.375571,0.650173860631412
"5_12684206","5",60.425572,0.589847530570523
"5_14113858","5",60.775573,0.692427503362296
"5_14184102","5",60.975074,0.753070853347026
"5_15439188","5",62.442575,0.799262647702335
"5_15494607","5",63.298576,0.722618171895419
"5_15849900","5",63.599077,0.787689471326757
"5_16092596","5",63.849078,0.776962034769667
"5_16270621","5",63.898579,0.775687206185694
"5_16184048","5",63.89858,0.77568720618774
"5_17567199","5",64.298581,0.816983836972668
"5_17847538","5",64.698082,0.8685612099639
"5_18637567","5",65.248083,0.768819308029151
"5_18897041","5",66.152584,0.8932855764333
"5_19422363","5",66.252585,0.873583084330221
"5_20164865","5",68.025086,1.21235190452035
"5_20239419","5",68.225087,1.15961637131795
"5_20429993","5",69.077588,1.40088856750458
"c5.loc70","5",70,1.21770491069947
"5_21389712","5",70.799589,1.06602678765853
"5_22368206","5",71.80459,1.31699759203229
"5_22424142","5",72.004091,1.2404047193188
"5_22623177","5",72.404092,1.13277751474061
"5_22732244","5",72.503593,1.02261704688362
"5_22839984","5",72.653094,1.02833810422976
"5_23266738","5",73.205095,0.944891063043997
"5_23626031","5",73.656096,0.987790880780722
"5_23885642","5",74.259097,0.931798914309866
"5_24028531","5",75.682598,1.07800748580667
"5_24109446","5",75.782099,0.989076082558086
"5_24329039","5",76.1826,1.05814677287731
"5_24516717","5",76.531601,1.23972678734253
"5_24901597","5",76.681102,1.38490678309154
"5_25379843","5",76.731103,1.3312491349127
"5_22549876","5",79.130104,1.11052127363155
"c5.loc80","5",80,0.99382516785613
"5_23735988","5",82.484105,0.583322887725217
"c5.loc90","5",90,0.384557938849184
"5_17484208","5",90.035106,0.387527021109008
"5_23821379","5",91.258607,0.720226945316654
"5_21192283","5",95.981108,0.346685266236818
"5_20648848","5",97.520109,0.381022259422252
"6_3096555","6",0,2.24764772643675
"6_2871894","6",0.854501,1.77348849953
"6_670815","6",1.155002,2.06361504191887
"6_281879","6",4.277503,1.36975499478831
"c6.loc10","6",10,1.36817101495762
"c6.loc20","6",20,1.3738890485381
"c6.loc30","6",30,1.38890071948026
"6_506716","6",32.854004,1.3938817142282
"6_816414","6",33.154505,1.37700983708419
"6_2092951","6",33.654506,1.7887237125974
"6_2027729","6",34.412507,1.78162607603304
"6_2312292","6",35.417508,1.94757879408121
"6_2674740","6",36.483009,1.83401959946991
"6_2754921","6",36.53251,1.90458688911235
"6_3261399","6",37.860511,1.88676540123492
"6_3712077","6",39.773012,1.38894412826744
"c6.loc40","6",40,1.38967416913852
"6_3629748","6",40.529013,1.39141766092098
"6_4193190","6",44.565514,1.40467117900585
"6_4282333","6",47.914015,1.40914473440171
"6_4664668","6",49.844016,0.293158413638594
"c6.loc50","6",50,0.28061285718195
"6_4995975","6",52.031517,0.187315033414279
"6_4773860","6",54.477018,0.187314675471725
"6_5316318","6",55.183019,0.204185421752982
"6_5491770","6",55.83652,0.180203105826649
"6_5661220","6",55.886021,0.216436713219991
"6_5752203","6",55.936022,0.196777898836217
"6_5843756","6",56.286023,0.156609056216666
"6_5958577","6",57.666524,0.262734466711663
"c6.loc60","6",60,0.281950396356706
"6_6016850","6",60.538525,0.287604373660542
"6_6373188","6",61.502026,0.161036340310602
"6_6873743","6",61.954027,0.135722739105631
"6_6961754","6",64.358528,0.239544361403205
"6_7690367","6",65.425529,0.205035674508736
"6_7855019","6",67.77503,0.207670358188352
"6_9016289","6",68.894531,0.401808065248815
"c6.loc70","6",70,0.359256862827806
"6_11635685","6",71.191032,0.297715604102905
"6_13115981","6",77.724033,0.265340226501849
"6_13689046","6",78.074534,0.456920488650212
"6_13622915","6",78.883535,0.598742376308792
"6_14552019","6",79.383536,0.422844499680423
"c6.loc80","6",80,0.420819031084875
"6_14606037","6",80.137037,0.423372720317502
"6_14835830","6",80.787538,0.560479420903448
"6_16196711","6",80.887539,0.783030123643584
"6_15470523","6",81.38754,0.983078432102047
"6_15775550","6",81.688041,1.00089532516836
"6_15850251","6",81.988042,1.00093077686529
"6_15915895","6",82.539043,1.11591115018791
"6_16140020","6",82.839544,1.34801972087939
"6_17681109","6",83.844545,1.44238266034881
"6_17449050","6",83.844546,1.4423834669094
"6_17921641","6",85.163047,1.08992210116367
"6_18520823","6",89.416048,0.894668042801641
"6_19937319","6",89.566049,1.13880937447925
"c6.loc90","6",90,1.72278115040422
"6_20062276","6",90.27255,2.02950058677402
"6_20000657","6",90.371551,1.70738379360591
"6_20569421","6",92.092552,1.69549618530414
"6_20373568","6",93.316053,1.86591804472073
"6_20646740","6",93.466054,1.77029735319547
"6_20765164","6",94.217555,1.77408924050906
"6_21330468","6",94.617056,1.93411019067435
"6_22000727","6",94.667057,1.53777263736606
"6_22260083","6",95.724058,1.59415077853691
"6_22153848","6",95.923559,1.46604289442416
"6_15137467","6",96.68156,1.48671317888829
"6_19860838","6",97.697061,1.77813289884011
"c6.loc100","6",100,1.78636868836543
"6_20305922","6",101.844562,1.76710090236134
"6_22086937","6",105.776063,0.91568482709522
"7_5199288","7",0,0.00479257324263926
"7_228986","7",6.438001,0.0255229252093159
"7_629398","7",6.638002,0.0218321657705474
"7_848595","7",7.089503,0.010525086775715
"7_912369","7",7.491004,0.0720875589840944
"7_3559874","7",8.351505,0.0636961321545186
"c7.loc10","7",10,0.10876667483376
"7_9942517","7",10.729006,0.147035191619125
"7_2287634","7",11.584007,0.362875297449818
"7_1223286","7",11.684008,0.380681197742661
"7_3021215","7",12.795509,0.328809985950329
"c7.loc20","7",20,0.423462315770394
"7_1013924","7",24.59051,0.511613614690759
"7_1406036","7",24.690011,0.511407768657136
"7_1482314","7",25.344512,0.513528025152482
"7_1722728","7",25.745513,0.484243723489044
"7_1796486","7",25.795514,0.577780519876114
"7_1882551","7",25.995515,0.566781447649873
"7_2131456","7",26.346016,0.511924713180861
"7_2435368","7",27.098517,0.293138802889871
"7_2590123","7",27.449018,0.41602630626835
"7_2667199","7",27.699019,0.488241531650601
"7_2771025","7",29.11202,0.524372697637318
"7_2950372","7",29.513521,0.59199031425419
"c7.loc30","7",30,0.572733184139679
"7_3401987","7",32.382022,0.555083617017772
"7_3625373","7",32.682023,0.730399742272539
"7_3716693","7",34.110024,1.25033081763854
"7_3835738","7",34.460525,0.987007065564512
"7_3995914","7",34.660526,1.15861181674973
"7_4112731","7",35.011027,0.958581690821347
"7_4254728","7",35.412528,1.08426790567592
"7_4373927","7",36.067529,1.29636314684512
"c7.loc40","7",40,0.822106365313857
"7_4663485","7",42.11703,0.57630655168964
"7_5300863","7",43.656031,0.733456441284034
"7_5435880","7",44.057032,1.02603449419234
"7_6389989","7",45.333033,1.08574187316776
"7_6944947","7",46.452034,1.35487630856255
"7_7162026","7",46.955035,1.17577053989226
"7_7588721","7",48.426536,1.34168027285841
"7_7447102","7",48.526537,1.34269367092315
"7_7699857","7",48.676038,1.27895853330415
"c7.loc50","7",50,1.29467218458467
"7_7829034","7",50.722039,1.31159951338395
"7_8155951","7",51.02254,1.50301326866997
"7_7990376","7",51.072541,1.42324640506286
"7_8094847","7",51.122042,1.2628893132819
"7_8252505","7",51.272043,1.19414224015713
"7_8561570","7",52.947044,1.13394682221042
"7_8804798","7",54.898545,1.12643634711753
"7_10066816","7",55.452046,1.24493541922016
"7_10498469","7",55.551547,1.30982475963742
"7_11956846","7",57.015548,1.2382921023077
"c7.loc60","7",60,1.73231728362884
"7_13861474","7",60.965549,1.87302534100309
"7_12452417","7",60.96555,1.87302534101832
"7_8330361","7",61.417051,1.99936134564473
"7_15374402","7",63.709552,2.02851081520089
"7_15243832","7",63.909053,2.03453563139715
"7_17042396","7",69.781054,1.76524706243799
"c7.loc70","7",70,1.80894123340795
"7_17219131","7",71.259055,2.01809548527672
"7_17378899","7",71.459056,2.06856040139382
"7_17723002","7",71.459057,2.06856040140133
"7_17308092","7",72.892058,2.01292309379073
"7_18437688","7",73.242559,2.09767782852691
"7_18097382","7",73.79606,2.23364139860018
"7_18268268","7",73.846061,2.233640356362
"7_18701068","7",74.096062,2.02479203733401
"7_18762637","7",74.195563,1.94275319327153
"7_18835505","7",74.345064,1.94285119767915
"7_18952564","7",75.050565,1.81138949696901
"7_19355564","7",75.553066,1.74747371621834
"7_19299297","7",75.852567,1.69062807798082
"7_20279884","7",78.312568,1.77921171721346
"c7.loc80","7",80,1.83221505716529
"7_20103260","7",86.815069,1.80154150949943
"7_19985774","7",86.96457,1.86868834694201
"7_21128945","7",88.292571,1.81547088159368
"c7.loc90","7",90,1.75542104740043
"7_22101289","7",91.246572,1.72014770545502
"7_22046989","7",91.546573,1.62035677847462
"7_22250380","7",92.704074,1.9314491456405
"7_22781295","7",94.891575,2.19177164323446
"7_23068209","7",96.202576,1.70981514789378
"7_23233299","7",97.309577,1.64594308552864
"7_23438032","7",97.961078,1.85275962449214
"7_23660749","7",99.480079,1.70737612252265
"7_23962575","7",99.63008,1.60642625493279
"7_23769058","7",99.929581,1.36198323940425
"c7.loc100","7",100,1.33821137818609
"7_24059511","7",100.029582,1.32789569663919
"7_23844050","7",101.148583,1.41718058823153
"7_24508748","7",101.298084,1.64061604394351
"7_24586966","7",101.800085,1.48111458801122
"7_24879814","7",103.779586,1.2655904177816
"7_24967097","7",103.929587,1.30822128605928
"7_25056911","7",104.028588,1.44003778685033
"7_25141862","7",105.612089,1.10970756616348
"7_25669872","7",105.71159,1.15312969496722
"7_25262311","7",105.961591,1.27718406327153
"7_25909284","7",107.185092,1.33048325301797
"7_26088532","7",108.916093,0.969316288646496
"7_26249020","7",109.871094,1.0791622465515
"c7.loc110","7",110,1.03656874399599
"7_26363715","7",110.020595,1.02984795170596
"7_26515058","7",111.437596,1.30468910043896
"7_26680230","7",111.637597,1.37585973212049
"7_26792208","7",111.886598,1.45384361185597
"7_27013763","7",112.541099,1.34389546131433
"7_27341252","7",112.5906,1.33984035204344
"8_12529769","8",0,1.2077574590071
"8_4918103","8",1.223501,0.95077388203822
"8_9924400","8",1.523502,0.655805362836873
"8_1155960","8",1.723503,0.213624561664574
"8_1005872","8",1.972504,0.282219666674337
"8_30944","8",2.573505,0.288060880894591
"8_474142","8",2.923006,0.265556017852532
"8_301480","8",3.072507,0.265555808440922
"8_1222997","8",3.877508,0.28474424467845
"8_2017540","8",3.977009,0.324959541951557
"8_2666965","8",5.03501,0.403792464821436
"8_2197734","8",5.084511,0.429107851538447
"8_2250586","8",5.234512,0.429110745845264
"8_2564886","8",5.936513,0.445738094006401
"8_2443239","8",6.086514,0.473819327885167
"8_2784591","8",6.286015,0.45252395127045
"8_3176495","8",6.685516,0.465131238865524
"8_3320879","8",6.935517,0.465121188788316
"8_4108038","8",7.285018,0.273198262663755
"8_4214869","8",7.584519,0.286744661405692
"8_4661848","8",9.93402,0.31601601767602
"c8.loc10","8",10,0.313174407293673
"8_5062235","8",12.176021,0.226743561197736
"8_5630677","8",15.142022,0.282787804401778
"8_7224682","8",19.966023,0.247729387712297
"c8.loc20","8",20,0.25023306022922
"8_7371285","8",20.266524,0.2693385645955
"8_7542838","8",23.405525,0.269345645896692
"8_7443260","8",25.131526,0.263684051270275
"8_7812019","8",25.583027,0.284832563872214
"8_7898256","8",26.859028,0.284636009823316
"8_8227840","8",27.866029,0.291099169565086
"8_8086885","8",28.98503,0.362063175169396
"8_9037920","8",29.589531,0.420952160442766
"c8.loc30","8",30,0.379646125272984
"8_9483316","8",30.347032,0.362197987801665
"8_9585235","8",31.992033,0.404576666939192
"8_9702346","8",32.191034,0.369853039117515
"8_10146498","8",34.226035,0.407428675730898
"8_10735044","8",35.950536,0.398093402377299
"8_10545513","8",35.950537,0.398093421435306
"8_10993976","8",37.809038,0.324520116813346
"8_10850929","8",38.210039,0.324522305356822
"8_11082356","8",38.56104,0.385098045789846
"8_11215366","8",38.610541,0.333779070299897
"c8.loc40","8",40,0.362929027701284
"8_11435234","8",40.081042,0.363266733474347
"8_11544717","8",40.430043,0.295761080949205
"8_11773246","8",41.386044,0.245644658378751
"8_11650720","8",43.021545,0.245472137230763
"8_11992421","8",43.171546,0.238745452043077
"8_12251683","8",44.390547,0.245247610989736
"8_12336402","8",44.490048,0.13168740074957
"8_12843847","8",44.941049,0.0857248976549272
"8_12950516","8",44.99105,0.158664369268763
"8_13104592","8",45.949551,0.261340255740151
"8_13261367","8",46.250052,0.376308340641799
"8_13482645","8",47.210053,0.375526470035538
"8_13582202","8",47.309554,0.374888727589905
"8_13823480","8",48.117055,0.368630789595045
"8_13705893","8",48.117056,0.368630795115678
"8_14401501","8",49.173557,0.989277015634116
"8_13885816","8",49.875058,0.989292671365774
"c8.loc50","8",50,0.989242544642593
"8_14233651","8",52.848559,0.961677772622124
"8_14700208","8",53.45306,0.930515416110211
"8_14638681","8",54.156061,0.859742767794614
"8_15245498","8",54.507062,0.68374192547617
"8_14881905","8",55.566063,0.660289141769454
"8_14968234","8",56.673564,0.667718173343928
"8_15158961","8",56.823065,0.89583001592473
"8_15413080","8",56.922566,0.802492683394576
"8_15673111","8",56.972567,0.88676312063285
"8_15761184","8",57.423568,0.866492452769307
"8_16151298","8",57.723069,1.00218554952585
"8_15917624","8",57.72307,1.00218549940928
"8_16282470","8",57.923071,1.0790086970328
"8_16821914","8",58.829072,1.30327996977644
"8_17355913","8",58.979073,0.895314422999036
"8_17921592","8",59.178574,1.27291007206213
"c8.loc60","8",60,1.11101512691403
"8_19107704","8",60.083075,1.09828287383652
"8_19310146","8",60.183076,1.00253726031679
"8_19745123","8",62.244577,1.09883408421888
"8_19687962","8",62.244578,1.0988340671197
"8_20006189","8",62.344079,0.797287570183471
"8_20316557","8",62.69408,0.654007047610094
"8_20100013","8",62.843081,0.651278813750196
"8_20732778","8",62.893082,0.552590386981137
"8_20544048","8",62.893083,0.55259038519398
"8_20838429","8",63.042584,0.521698395896692
"8_20966593","8",63.647085,0.678701319747461
"8_21172946","8",63.998086,0.618829376529447
"8_21436766","8",64.248087,0.724932497344298
"8_21332630","8",64.248088,0.724932480823099
"8_21621683","8",64.297589,0.750133902553216
"8_22251587","8",64.44759,0.677766584341043
"8_22064560","8",64.798091,0.642388280826026
"c8.loc70","8",70,0.654684975166219
"8_22506234","8",76.914092,0.669891393901935
"c8.loc80","8",80,0.758096018524384
"8_22142275","8",80.245093,0.761809742602736
"8_21969721","8",85.012594,0.778937530137455
"9_893002","9",0,0.70003096863752
"c9.loc10","9",10,0.825074693913393
"9_226145","9",13.637001,0.936072306195001
"9_301541","9",14.808502,0.972912948171597
"9_516308","9",14.908003,0.90366014366964
"9_618812","9",15.408504,0.952765846208194
"9_739923","9",19.101005,1.0477592556706
"c9.loc20","9",20,0.990209290930352
"9_813785","9",23.833006,0.754320570960317
"9_1407687","9",24.900507,0.888856864331274
"9_1464217","9",25.301508,1.03765417960199
"9_1305204","9",25.451009,1.02570752375004
"9_1575241","9",25.90301,1.03773643314958
"9_1648912","9",26.403511,0.947107750491796
"9_2008333","9",26.553012,0.972597003617693
"9_2133495","9",28.225513,0.950241203942369
"c9.loc30","9",30,0.95479188288482
"9_2249377","9",31.374014,0.956258769718943
"9_2302342","9",32.328015,1.04594538600895
"9_2391752","9",32.428016,0.959476868417823
"9_2474475","9",32.627517,0.956828141479491
"9_2539091","9",33.790518,0.788662993727939
"9_3600480","9",37.326519,0.635949329650202
"c9.loc40","9",40,0.789077972925497
"9_4085999","9",41.01902,0.848795126963523
"9_4242318","9",42.129521,0.919070111927567
"9_4138989","9",43.828022,0.681440254592871
"9_6446554","9",46.171523,0.647406166512837
"9_4911190","9",46.572524,0.352899423103509
"9_5500102","9",46.822525,0.67355971082884
"9_5566204","9",47.123026,0.533310293439854
"c9.loc50","9",50,0.57058398445497
"9_5920608","9",52.033027,0.606432890258702
"9_6523189","9",52.485028,0.498634885113006
"9_5785960","9",53.294029,0.489846425903806
"9_6602203","9",53.59403,0.828360825784102
"9_6717488","9",54.300531,0.668197362553428
"9_7340587","9",55.255532,1.25585136785003
"9_7476640","9",55.906533,1.23165020185616
"9_7533649","9",57.733034,1.11153292111271
"9_7133530","9",59.261035,1.06636949319454
"c9.loc60","9",60,1.14916086939752
"9_8899256","9",62.309536,1.33464822905194
"9_9426423","9",65.229537,0.919759046589434
"9_9574105","9",66.038538,0.923844686876009
"9_13086190","9",67.158039,1.0395645572346
"9_13197248","9",68.31554,0.69884080612519
"9_13400197","9",68.615541,0.7526991732027
"9_13689984","9",68.715042,0.777918441494421
"9_13760891","9",68.864543,0.631720116016595
"9_16094913","9",68.964044,0.419283069888024
"9_17042572","9",69.164045,0.434066756789207
"9_18463570","9",69.870046,0.327428001845874
"c9.loc70","9",70,0.32844554289386
"9_18628859","9",71.245547,0.34010900518615
"9_19000027","9",71.747548,0.232745463791389
"9_19072322","9",71.847049,0.233675390269127
"9_19148103","9",71.89705,0.196886943427899
"9_19317456","9",72.196051,0.235815985739237
"9_20127590","9",73.894052,0.244324999393484
"9_20989379","9",74.243553,0.383218041608188
"9_17005889","9",74.393054,0.699247364948633
"9_20042224","9",74.543055,0.96660924146704
"9_19944895","9",75.043056,0.933859093004003
"9_22838327","9",79.734557,0.723748081573376
"c9.loc80","9",80,0.698836469701519
"9_6990766","9",88.669058,0.143869462957809
"10_6654857","10",0,0.617832640985171
"10_6333960","10",3.621501,0.898977997613883
"10_4207807","10",6.870002,1.03404796649124
"10_4503995","10",7.674003,1.22041112092529
"c10.loc10","10",10,0.748062878564269
"10_423938","10",15.196004,0.19191985179441
"c10.loc20","10",20,0.148698615580997
"c10.loc30","10",30,0.140237959885781
"10_874103","10",35.600005,0.180440978778506
"10_370298","10",37.401506,0.191985697350674
"10_241961","10",37.451007,0.190496745816745
"10_508428","10",37.852008,0.183612468859337
"10_1013557","10",38.202509,0.0857319655158335
"10_1111687","10",38.70251,0.256725027131324
"10_1174215","10",38.802011,0.211006169956136
"10_1430660","10",39.152012,0.210093167832383
"10_1265993","10",39.402013,0.230758223022804
"c10.loc40","10",40,0.19182952449637
"10_2600993","10",43.552514,0.0256230995175883
"10_2803328","10",48.653015,0.0452179219091704
"c10.loc50","10",50,0.284769756721744
"10_3540296","10",51.328516,0.657244185202217
"10_3690372","10",59.982017,1.07858765184665
"c10.loc60","10",60,1.08212158847891
"10_4623373","10",62.001518,1.46713266812685
"10_4427721","10",62.051519,1.46713316326191
"10_4847719","10",63.48502,1.50168988772771
"10_4950540","10",64.086021,1.8680675361818
"10_5381836","10",66.801022,1.83456187682123
"10_5618563","10",67.252523,1.5835759128754
"10_6030347","10",67.702024,1.52916519391806
"10_6111686","10",67.852025,1.49034805733845
"10_6200947","10",67.951526,1.51394079780971
"10_6407241","10",68.151527,1.52725267484561
"10_6523776","10",68.301028,1.53032291224895
"10_6732153","10",68.400529,1.52656932444756
"10_7345058","10",69.10253,1.37066027136302
"10_7398537","10",69.352531,1.47123234518403
"10_7537254","10",69.802532,1.86211323126463
"c10.loc70","10",70,1.9392324007033
"10_7930703","10",70.102533,1.97176148972903
"10_8038057","10",70.252034,1.97051319005186
"10_8422060","10",70.702035,2.33692044049963
"10_8299491","10",70.951036,2.15700020041254
"10_8528547","10",71.151037,1.96951652078087
"10_8787351","10",71.350538,1.95605039662428
"10_8893209","10",71.600039,2.21039265828153
"10_9014261","10",72.05004,2.23790831427618
"10_9215683","10",72.601541,2.24335589714724
"10_9467495","10",72.851542,2.23634922860856
"10_10237641","10",74.117043,1.36398845025315
"10_10334806","10",74.873044,1.16350633149682
"10_10475020","10",75.022545,1.18598775176088
"10_10653854","10",75.522546,1.37047289121892
"10_10547760","10",75.622047,1.40991882004619
"10_10923726","10",75.872048,1.35059748394633
"10_11157943","10",76.623549,1.11570675258531
"10_11353255","10",76.77355,1.04842385281927
"10_11408804","10",77.275051,1.04829240480331
"10_11919133","10",77.575552,0.969633748976094
"10_11863766","10",78.434053,0.970483883172847
"10_12409898","10",78.634054,1.09395050527064
"10_12605914","10",78.883555,1.18170463401839
"10_13394270","10",79.787056,1.24693707939832
"c10.loc80","10",80,1.3224576481357
"10_14200734","10",81.047557,1.6580832840034
"10_15601492","10",86.054558,1.11064748047443
"10_15747189","10",86.405559,1.1312921559188
"10_16851267","10",89.01956,1.65522443036798
"c10.loc90","10",90,1.73838057363741
"10_20553231","10",93.243061,1.67068600516382
"10_21059800","10",93.392562,1.70614298736882
"10_21760871","10",93.895063,1.5130137591841
"c10.loc100","10",100,1.27096857664992
"10_17170708","10",103.624564,0.939827112041939
"10_19292145","10",105.564565,0.81202552645459
"10_23440244","10",107.263066,0.701655229305288
"11_46057","11",0,0.390823248163088
"11_255751","11",0.757501,0.516382554226311
"11_386863","11",5.342502,0.552672552959166
"11_691194","11",7.308503,0.91008667249821
"11_1117973","11",9.599504,0.974552474267739
"11_1183569","11",9.749005,1.16633301219986
"11_1672438","11",9.949006,1.36348947026499
"c11.loc10","11",10,1.35787196574006
"11_1442687","11",11.647507,1.17207226227106
"11_2065555","11",12.405008,0.843113876150255
"11_1857249","11",13.209509,0.819077179961823
"11_1985173","11",13.40951,0.93148163150704
"11_2216980","11",13.609511,0.969324046035808
"11_2406678","11",15.765012,1.074460807278
"11_2515310","11",16.115513,1.18664332509479
"11_2737838","11",16.265514,1.19972308349952
"11_2808288","11",16.514515,1.17817405935898
"11_2977354","11",17.774516,0.912877738100406
"11_3112858","11",18.476517,1.11380792871114
"11_3189542","11",19.381018,0.867370638548664
"c11.loc20","11",20,0.922087051061681
"11_3263224","11",20.492519,0.960540362453685
"11_3395372","11",22.81252,0.827996539283276
"11_3938527","11",23.519021,0.589318654304861
"11_4000176","11",24.321522,0.699449730964261
"11_4081344","11",25.693023,0.669232762605816
"11_4254847","11",26.246524,0.678263872847538
"11_4359180","11",26.597025,0.585214869157653
"11_4501448","11",26.998526,0.712381182272566
"11_4657459","11",27.448027,0.603312561339862
"11_4833197","11",29.117528,0.349996104319644
"c11.loc30","11",30,0.320026822480713
"11_4899312","11",31.424529,0.255322031248852
"11_5215446","11",32.94403,0.18727641268697
"11_5534517","11",33.244031,0.118292836991031
"11_5465467","11",33.393532,0.094110642112355
"11_5357281","11",33.443533,0.0952011486251649
"11_5792931","11",34.771534,0.129638329523232
"11_6276211","11",35.632035,0.149183739891896
"11_6379656","11",37.408036,0.282529410041207
"11_6612094","11",38.217037,0.260778409819068
"11_6821881","11",38.616538,0.209331811196989
"11_6956387","11",38.916539,0.201416118514317
"11_7329819","11",39.21554,0.226802948953718
"11_7093931","11",39.465541,0.172505128236708
"11_7449768","11",39.867042,0.165978728567097
"11_7588838","11",39.966543,0.165167677552972
"c11.loc40","11",40,0.170337788666302
"11_7656746","11",40.669044,0.287933774673093
"11_7713575","11",40.818545,0.347658547684432
"11_8194452","11",41.886046,0.430629000188674
"11_8650142","11",43.301547,0.450843459465432
"11_9798821","11",46.311048,0.50761595527365
"11_10089836","11",46.611549,0.509823014686845
"11_12164303","11",48.65755,0.753400893697062
"11_13356997","11",49.568051,0.837941566411928
"11_14828475","11",49.667552,0.859058477597273
"11_13254270","11",49.717553,0.885570722872444
"c11.loc50","11",50,0.881761238414356
"11_16886199","11",50.774054,0.836360829691557
"11_17060668","11",51.425555,1.06749763003972
"11_17184199","11",51.575056,1.10646081064078
"11_17337960","11",51.625057,1.14686607557087
"11_17611360","11",52.529058,0.966204988317941
"11_17457569","11",52.529059,0.966204988316349
"11_17767859","11",52.92856,1.05117338911373
"11_17987786","11",53.733561,0.87116710318719
"11_18204712","11",54.994562,0.704859701669648
"11_18433819","11",55.848563,0.720695367658664
"11_18708021","11",57.632564,0.987179111381693
"11_18836141","11",58.435565,1.1359538676536
"11_18910740","11",58.786066,1.10646969785307
"11_19533500","11",59.487567,0.84753167901772
"11_19766239","11",59.987568,0.951271576142062
"c11.loc60","11",60,0.950632104375245
"11_19712713","11",66.211069,0.548773598454318
"12_173874","12",0,3.55513269974313
"12_115867","12",0.450001,3.5007671763401
"12_390468","12",0.550002,3.52733920361811
"12_521695","12",0.799003,3.41833620996863
"12_996164","12",2.422504,3.28568150144542
"12_1089461","12",2.621505,3.30110290632956
"12_1368028","12",3.072506,3.2421659439367
"12_1266582","12",3.271507,3.37564602823431
"12_1524783","12",3.825008,2.98690301051192
"12_1709224","12",4.325509,2.69890724237598
"12_1818274","12",4.52451,2.86643837967154
"12_2066524","12",5.277011,2.61797822521021
"12_2305412","12",5.476012,2.62358263088686
"12_2439647","12",6.228013,3.20179781539127
"12_2673100","12",6.678014,3.28403919391076
"12_2966354","12",7.531515,3.02679296010933
"12_3036761","12",7.981516,3.04663535595614
"12_3116725","12",8.688017,3.44355959444738
"12_3218920","12",8.888018,3.46512608781541
"c12.loc10","12",10,3.12409053199485
"12_3325270","12",10.052519,3.10910138010195
"12_3478868","12",11.99302,2.1445144416432
"12_3962172","12",12.905021,2.05107623037406
"12_5074355","12",16.357022,2.15355813053361
"12_5164930","12",18.766023,1.6469620336436
"12_5533572","12",18.966024,1.51789446865223
"c12.loc20","12",20,1.26490499607985
"12_5293702","12",20.771025,1.10491554198506
"12_6104436","12",23.391026,0.580349331111393
"12_7053640","12",29.166027,1.11428221655547
"c12.loc30","12",30,1.03583797697797
"12_7220783","12",30.686528,0.92767885660669
"12_7374050","12",30.936529,0.751711480358153
"12_7525515","12",31.89153,0.794347994515647
"12_8048809","12",36.275031,0.180049386544852
"12_8493396","12",36.625532,0.135894761954205
"12_8801535","12",36.926033,0.11969674524039
"12_8944870","12",37.627534,0.128566316892375
"12_9605397","12",39.626535,0.188263068808965
"c12.loc40","12",40,0.209072886013246
"12_13578193","12",42.497036,0.602088719713947
"12_15428839","12",44.632037,0.802297180147207
"12_17156423","12",48.160538,1.03967656001146
"12_18628428","12",48.562039,1.08849745144425
"c12.loc50","12",50,1.08884191047332
"12_18779599","12",50.66404,1.1399173783584
"12_19037725","12",50.864041,1.18822115292846
"12_19467018","12",51.013542,1.42034280866437
"12_19528528","12",51.463543,1.17011749819812
"12_20018956","12",51.513544,1.16774525761889
"12_20361061","12",52.215545,1.18449971049381
"12_20594460","12",53.488046,1.01934451309035
"12_21100305","12",53.588047,1.01655648383053
"12_21952129","12",56.772548,1.12320940802715
"12_21873473","12",56.822049,1.17887969099934
"12_22200448","12",58.70555,1.15496347671001
"c12.loc60","12",60,1.00398242430583
"12_22346427","12",61.547551,0.83619252755534
"12_22586794","12",61.847552,0.786826445754059
"12_23364307","12",62.299553,0.89271910129446
"12_23431894","12",62.299554,0.892719101305829
"12_23504918","12",62.903055,0.987781692708268
"12_23572750","12",62.952556,0.947028844896977
"12_23999415","12",63.556557,1.07586328704133
"12_23834651","12",63.656558,1.07904885380981
"12_23915621","12",63.706059,1.1088420983117
"c12.loc70","12",70,1.08132532318928
"12_22430141","12",70.75906,1.0783625178351
"13_6540716","13",0,0.657696947023624
"13_13501864","13",6.324001,0.732071750237992
"13_6988041","13",8.373002,1.70225146095595
"c13.loc10","13",10,1.63613689635577
"13_3640676","13",10.613003,1.61357023330697
"13_507206","13",10.813004,1.51503812974011
"13_393712","13",10.813005,1.51503809599308
"13_851910","13",11.163506,1.49359765014674
"13_965334","13",11.413507,1.57252237567059
"13_1211616","13",15.454508,1.63121452038354
"13_1298235","13",18.464509,1.62135606857305
"13_1426203","13",18.96701,1.59773275612338
"c13.loc20","13",20,1.68041034625003
"13_1635674","13",21.809011,1.80370569451725
"13_1994792","13",25.058512,1.81040168721916
"13_2110146","13",25.158013,1.97101499611108
"13_2230274","13",26.329514,2.13190932240104
"13_2595348","13",26.933515,2.33773997406297
"13_2530757","13",27.989516,2.38641093640354
"13_2714257","13",28.139517,2.44907486096599
"13_2994658","13",28.239018,2.81856536372629
"c13.loc30","13",30,2.65004124129746
"13_3148270","13",30.021019,2.64809454374677
"13_3257266","13",34.00902,2.52533831186224
"13_3335044","13",35.601021,2.50971544535992
"13_3748786","13",36.304522,2.93317264412076
"13_3813814","13",36.554523,2.61041243358068
"13_4021260","13",36.604024,2.72461012653207
"13_5238141","13",37.965525,2.61143057862023
"13_5493926","13",38.620026,2.50652492029985
"13_5766649","13",39.580027,3.03991025085543
"13_5863106","13",39.679528,3.02726725932598
"c13.loc40","13",40,3.39840435805922
"13_5949531","13",40.231529,3.64201718505797
"13_6119963","13",42.38453,3.65848743536253
"13_6033227","13",42.384531,3.65848704891573
"13_6402644","13",43.976532,3.66520004538052
"13_6660218","13",44.327033,3.02648464363415
"13_6867117","13",44.427034,2.86219357158484
"c13.loc50","13",50,2.709790292756
"13_7054877","13",51.513535,2.67274434223782
"13_7734187","13",52.066536,2.05520637399422
"13_7923799","13",54.467037,2.04966581184181
"13_8083875","13",54.868038,2.02869788142561
"13_8192631","13",54.918039,2.05387014611165
"13_8308812","13",55.57004,2.05382642880841
"13_8898279","13",55.770041,2.1998307415256
"13_8681863","13",55.819542,2.1388602025595
"13_9125164","13",59.829543,2.22103579954751
"c13.loc60","13",60,2.5338267617492
"13_14338425","13",60.130044,2.32570010550216
"13_14382284","13",60.580545,2.28123187364963
"13_15736455","13",62.375546,2.13126933119429
"13_15347566","13",62.825547,2.0771294567478
"13_15056202","13",63.225548,2.07713733324272
"13_16320948","13",63.375049,2.20283162728401
"13_16075743","13",63.92555,2.4303456127966
"13_16250951","13",63.975551,2.45589083918026
"13_16754260","13",64.828052,2.15641592382508
"13_16925901","13",65.531053,1.73306520573237
"13_18789364","13",68.036554,1.56306507902536
"13_18487980","13",68.790055,1.54622625708407
"13_19058179","13",69.189056,1.40837745006547
"c13.loc70","13",70,1.49875319398848
"13_19736524","13",71.754057,1.6791213982483
"13_20576036","13",72.662058,1.31089280248511
"13_22281023","13",73.467559,1.74014269521172
"13_22173380","13",74.01906,1.95730457394734
"13_22226946","13",75.547061,2.11221033171796
"13_22372308","13",75.747062,2.18410484369542
"13_22435936","13",76.147063,1.65198540621805
"13_22851098","13",77.972564,1.87070400015364
"13_24958287","13",78.272065,2.04068681090916
"13_25013004","13",78.723066,2.0795085743307
"13_22768514","13",78.973067,1.98735519636875
"13_27796053","13",79.677068,2.1989091335347
"c13.loc80","13",80,1.88894801702736
"13_28689372","13",80.078569,1.81140206298687
"13_25721137","13",80.12807,1.3691994348037
"13_27714695","13",80.378071,1.53048447884998
"13_28096981","13",80.527572,1.38723706441965
"13_28928847","13",80.677073,1.39779896636014
"13_28855433","13",81.278074,1.39779982148116
"c13.loc90","13",90,1.38195797199842
"13_28631883","13",98.383575,1.37880432674478
"c13.loc100","13",100,1.10440992256144
"13_27978882","13",100.989576,0.94732588784882
"c13.loc110","13",110,0.953576359061117
"13_29070085","13",115.532577,0.914750171647938
"13_27884063","13",116.750078,0.824450962277751
"14_994202","14",0,1.43909199686254
"14_726317","14",3.503001,1.57148573678228
"14_257360","14",6.538002,1.39307340450614
"14_434513","14",6.889003,1.38540843063288
"14_360989","14",7.188504,1.38885107111423
"14_88562","14",7.789005,1.36182634459806
"14_594524","14",7.989006,1.30474346129085
"14_836379","14",9.556507,1.17867512742691
"14_1101250","14",9.756508,1.16168369724596
"c14.loc10","14",10,1.2122688668619
"14_1242694","14",10.056509,1.22394840373408
"14_1309053","14",10.91101,1.21907356344195
"14_1593532","14",11.111011,1.23260898789772
"14_1806350","14",12.327512,1.24270573687772
"14_1509565","14",12.527513,1.59536429573336
"14_2055250","14",12.627014,1.55054552673232
"14_3027635","14",12.977515,1.63272708098634
"14_4228742","14",13.680016,1.5950040942696
"14_3183108","14",13.680017,1.59500406496068
"14_4331688","14",13.780018,1.61024224311427
"14_4805213","14",15.784519,1.28969147950829
"14_4941220","14",16.28702,1.29265455081395
"14_5687927","14",17.656521,1.00140088027206
"14_6365842","14",18.007522,1.00622260032765
"14_6208302","14",18.207023,0.990369304550313
"c14.loc20","14",20,0.945201013686074
"14_6141335","14",20.783024,0.926002190230747
"14_7174167","14",21.184525,0.905699773138394
"14_7510359","14",21.987026,1.2335345805941
"14_6974992","14",22.590027,1.16886173446574
"14_7624685","14",22.789528,1.12297357579246
"14_7715530","14",22.839529,1.07991485120192
"14_7777740","14",23.54503,1.01462232931817
"14_10197424","14",23.946031,1.25735026742063
"14_8308158","14",25.697532,1.16647671180294
"14_8871788","14",27.744033,1.01064903142992
"14_10743715","14",28.496534,0.979707651664057
"14_11677439","14",29.202535,1.02934178987357
"14_12584178","14",29.402536,1.24166221446308
"c14.loc30","14",30,1.20834098310252
"14_10528514","14",33.282537,0.990986951636387
"14_14755965","14",34.454038,0.988490441397971
"14_15714242","14",34.954039,0.988490609659721
"14_14863028","14",35.30454,0.996963340582397
"14_15875843","14",37.439041,0.783595352788097
"14_16000806","14",38.248042,0.733248268145189
"14_10135191","14",39.406543,0.778171499564905
"c14.loc40","14",40,0.442665933204808
"14_19587909","14",40.010544,0.442419940698073
"14_16652730","14",40.361045,0.431227477510674
"14_16253640","14",41.523046,0.433612316474182
"14_17379596","14",42.076547,0.54637450987866
"14_18215931","14",42.879548,0.54819255006646
"14_19103240","14",45.483549,0.849837359932508
"14_19325226","14",46.34405,0.637601116784253
"14_18868775","14",46.644551,0.69311191431575
"14_19429359","14",46.995052,0.657514496094109
"c14.loc50","14",50,0.427661729185957
"14_20102426","14",50.005053,0.427300417851256
"14_20174098","14",54.272554,0.452341866491679
"14_20629301","14",55.030055,0.510131738024484
"14_20859566","14",55.130056,0.477329215483451
"14_21323785","14",55.229557,0.432496343499224
"14_21821143","14",55.279558,0.439000607067328
"14_21885849","14",55.329059,0.655674196624432
"14_22405745","14",56.03556,0.765212796788319
"14_23056941","14",56.893061,0.756083057828391
"14_23135090","14",57.143062,0.658019134995811
"14_23376067","14",57.493563,0.441023681148863
"14_23255429","14",58.755564,0.355774026471636
"14_25365836","14",59.874565,0.25510674198199
"c14.loc60","14",60,0.314158760359305
"14_23452906","14",60.479066,0.534685054510874
"14_23657569","14",64.755067,0.529189398140943
"14_24366988","14",64.954568,0.564267267188598
"14_24462111","14",65.710569,0.537145116829606
"14_24536812","14",66.11157,0.467790191650465
"14_24617329","14",66.361571,0.412559954152584
"c14.loc70","14",70,0.557562845863004
"14_24753252","14",70.293072,0.569008536059755
"14_25156315","14",72.313073,0.786544472931155
"14_25499021","14",72.412574,0.277061491078484
"14_25763085","14",72.712075,0.310381897479829
"14_26071578","14",73.316576,0.288883786680117
"14_26404940","14",74.120077,0.36988336751142
"14_26687062","14",74.621078,0.299761246257503
"14_26877597","14",76.046579,0.330925642197599
"14_27088319","14",76.19608,0.365914911764094
"14_26987507","14",76.546581,0.365923632497925
"14_27199117","14",76.646582,0.418354260515798
"14_27425134","14",77.910083,0.392195738032797
"14_27607541","14",79.129584,0.377816505765622
"c14.loc80","14",80,0.39219856127238
"14_27729833","14",80.145085,0.394209388552326
"14_27926007","14",80.244586,0.354107200853377
"14_28052199","14",80.444587,0.304568467360241
"14_28292032","14",80.494088,0.481929391560698
"14_28521701","14",80.794589,0.472306118277174
"14_28696564","14",81.39509,0.437969668787218
"14_28947831","14",81.845091,0.139385289486881
"14_29138298","14",82.044592,0.0426984493944929
"14_29234849","14",82.094593,0.106124866832261
"14_29335601","14",82.144594,0.0945431415329949
"14_29979493","14",82.393595,0.0665128860891855
"14_29574449","14",83.300096,0.0387949706012023
"14_29774895","14",89.841597,0.12692413456557
"15_5536174","15",0,0.267901756036508
"15_177997","15",6.973501,0.251705900613388
"15_482675","15",7.678002,0.35005553765086
"15_1096801","15",7.728003,0.377697229922433
"15_1547883","15",8.433504,0.494546222469808
"c15.loc10","15",10,0.553899127151908
"15_1928239","15",10.715005,0.585180543728939
"15_2868330","15",10.814506,0.601009517710963
"15_2990680","15",11.064507,0.566220043464227
"15_6458112","15",13.116508,0.56170310798484
"15_6996975","15",13.668009,0.716421794370717
"15_9562659","15",14.72451,1.12727420008832
"15_9660835","15",14.824011,1.18199419399184
"15_9799495","15",14.924012,1.14663354429422
"15_9993215","15",15.173513,1.10161012531898
"15_9863712","15",15.323014,1.02063843678366
"15_10257839","15",15.824515,0.956351366919989
"15_10851058","15",16.783016,1.02627157102302
"15_10990214","15",16.933017,1.12378904963794
"15_11204418","15",17.332518,1.29137864524819
"15_11421844","15",17.432019,1.19713442498823
"15_11503363","15",18.08502,1.21206179041451
"15_11792802","15",18.334521,1.20998443983535
"15_12253375","15",19.086522,1.48638544938171
"c15.loc20","15",20,1.44772043748253
"15_10773666","15",23.680523,1.25562495143595
"c15.loc30","15",30,1.9472476193514
"c15.loc40","15",40,2.2480820577241
"15_13698923","15",40.770024,2.22036327331853
"15_14360708","15",43.892525,2.55644372986012
"15_15160259","15",48.465526,2.54715245148009
"c15.loc50","15",50,2.24499626310035
"15_15294725","15",50.110527,2.21742409821468
"15_16000117","15",52.897028,1.78960826021898
"15_16450847","15",55.907029,1.86530860216817
"15_16551845","15",56.46003,1.81747386065945
"15_16667790","15",56.962531,1.70322631162844
"15_16737213","15",57.062532,1.73690676027149
"15_17076337","15",58.129533,2.01758899846413
"15_17146098","15",58.279534,1.95881234916442
"15_17224145","15",59.444035,1.97241354088032
"15_17313670","15",59.593536,1.87372043840901
"c15.loc60","15",60,1.73488843157361
"15_17991582","15",60.498037,1.51855932814919
"15_18072427","15",60.747538,1.65264216423861
"15_18318476","15",61.702039,1.51103270490898
"15_18408364","15",62.00154,1.32715462086117
"15_18480191","15",62.552041,1.12800690174163
"15_18688959","15",62.851542,0.932610751000539
"15_18821643","15",63.201043,0.951325757164568
"15_19600528","15",63.651044,0.691154006628267
"15_19956945","15",65.181045,0.882459286852509
"15_18931494","15",66.248546,0.85516400803499
"16_16435327","16",0,0.341905628830318
"16_226853","16",1.119001,0.339968257819464
"16_3648","16",1.418502,0.311156981222439
"16_335665","16",1.518503,0.31090325243008
"16_388379","16",2.844004,0.353725263860724
"c16.loc10","16",10,0.180432721639818
"16_596324","16",16.286505,0.068190579250313
"16_911072","16",16.536506,0.0211646088700945
"16_843485","16",16.837007,0.106165842381415
"16_1727633","16",16.887008,0.33156666143509
"16_976496","16",17.237509,0.325371471594508
"16_1067628","16",18.61801,0.325365437294295
"16_1341063","16",18.768011,0.311890274455891
"16_1806434","16",19.169012,0.25315729133149
"16_2212134","16",19.369013,0.151364932107072
"16_2376878","16",19.669514,0.121027625608804
"16_3142469","16",19.719015,0.428896316374903
"c16.loc20","16",20,0.428981995461299
"16_3007610","16",21.667516,0.429464551036745
"16_5309992","16",21.767517,0.426724624853478
"16_4903556","16",22.671018,0.243130437533409
"16_3077015","16",27.438519,0.243099338451202
"16_4758085","16",29.67752,0.243098762239242
"c16.loc30","16",30,0.240678038328952
"16_5362647","16",33.611521,0.215488934117047
"16_5479328","16",36.887522,0.158044980697923
"16_6070066","16",37.036523,0.0146099185164985
"16_6589347","16",38.050524,0.0304126196740526
"16_6693016","16",38.757025,0.0297630278528231
"16_11108000","16",39.257026,0.029384225898184
"c16.loc40","16",40,0.0280210885789529
"16_8807936","16",42.506027,0.0414289374803047
"16_9817859","16",43.573028,0.0414293096132496
"16_12037326","16",43.823029,0.041429205743043
"16_12698705","16",45.04653,0.0492479302577067
"16_12729188","16",47.008531,0.0586207083156296
"16_13647716","16",48.856032,0.0154367996592555
"16_8776259","16",48.856033,0.0154368290848197
"16_13500169","16",48.856034,0.0154368198332122
"16_14911808","16",49.358035,0.268373577913053
"c16.loc50","16",50,0.260702011845524
"16_14964416","16",52.017536,0.237316615826558
"16_15813994","16",52.117037,0.252546866845478
"16_15611288","16",54.009538,0.142638716377178
"16_15708354","16",55.679539,0.114644060289265
"16_16216489","16",55.97854,0.057714445549891
"16_19027656","16",56.531041,0.088315594255846
"16_18232369","16",56.531042,0.0883155779667959
"16_17330464","16",56.531043,0.0883155419951436
"16_19266135","16",57.542544,0.197738244773063
"16_19830398","16",57.642545,0.190818369245108
"16_19529525","16",57.642546,0.190818361076936
"16_19924082","16",59.534547,0.272041130193656
"c16.loc60","16",60,0.270463408582145
"16_20248493","16",60.136548,0.271634954477349
"16_20304713","16",61.090549,0.323428779726783
"16_20666264","16",61.74255,0.301209553402487
"16_22246438","16",62.093051,0.322840376951945
"16_20724188","16",62.093052,0.322840362901616
"16_22482333","16",62.193053,0.256372154763994
"16_22580044","16",62.950554,0.263137130941686
"c16.loc70","16",70,0.263821995629769
"16_22676335","16",72.753555,0.264179267682721
"16_23486995","16",78.413056,0.263400854023075
"16_22811338","16",79.993557,0.756376746346405
"c16.loc80","16",80,0.75038988860706
"16_22877339","16",80.093058,0.624345699777905
"16_23164495","16",80.193059,0.639523279950026
"16_23084690","16",80.74606,0.692760208487016
"16_23327502","16",82.766061,0.934457222115725
"17_394787","17",0,0.730538903119395
"17_1629617","17",0.099501,0.7305381319361
"17_640103","17",0.199502,0.734987631977901
"17_765729","17",2.150503,0.747361291692414
"17_888795","17",2.501504,0.716992722274199
"17_1237387","17",3.620505,0.718342832370581
"17_1756458","17",3.921006,0.713055146493616
"17_2443257","17",3.970507,0.884241951320746
"17_3492286","17",4.020508,0.868391540706625
"17_4131742","17",4.070509,0.916987011253696
"17_4713215","17",4.32051,1.06679903959525
"17_4966290","17",4.370011,0.969491517138067
"17_5060931","17",4.872512,0.922279121839665
"17_5258199","17",5.072513,0.858767354665588
"17_5357866","17",5.829014,0.86770284071531
"c17.loc10","17",10,0.872798907703327
"17_5447096","17",18.319515,0.886073097801727
"c17.loc20","17",20,0.89377878236337
"c17.loc30","17",30,0.963473170512543
"17_5999935","17",33.074016,0.987128131990403
"17_6121150","17",33.374517,1.00975289538906
"17_6207888","17",34.127018,1.00155217910651
"c17.loc40","17",40,1.03718150460986
"17_6429775","17",45.670019,1.07704166896224
"17_6553174","17",45.81952,1.06657561853308
"17_7134878","17",45.869521,1.01441488360774
"17_7609398","17",46.119522,1.08557472216648
"17_7780366","17",46.169023,1.15048547142692
"17_7695724","17",46.269024,1.19914427870094
"17_8226581","17",46.771525,1.20141758889986
"17_8539748","17",46.871026,1.25720720888557
"17_8608505","17",46.971027,1.19854895894377
"17_8686547","17",47.170528,1.22482011225225
"17_8750761","17",47.979529,1.22023023989777
"17_9005479","17",49.46553,1.23121606603809
"17_9197188","17",49.615531,1.26866901152403
"c17.loc50","17",50,2.03256176783157
"17_9353710","17",50.067032,2.0471805478187
"17_10298694","17",50.620533,1.80036733937254
"17_9938493","17",50.870534,1.79242217577644
"17_10369486","17",52.622035,2.45764934424142
"17_6623514","17",52.721536,1.45323150360582
"17_8934947","17",53.022037,1.61613533001673
"17_10746329","17",53.882538,1.58711694470139
"17_11747237","17",53.982039,1.64629707494964
"17_11961661","17",54.89404,1.63196593972702
"17_12164305","17",55.961541,1.18204486937498
"17_12640993","17",58.971542,1.13141229056077
"c17.loc60","17",60,1.13944038426007
"17_12330680","17",63.784543,1.17230231634244
"17_12396147","17",68.070544,1.33185995484587
"17_13991916","17",68.930545,1.38707122579149
"c17.loc70","17",70,1.76925769161153
"17_16303050","17",70.154046,1.80770741414062
"17_16552770","17",70.454547,1.48772728839231
"17_17582924","17",70.554048,1.33585118216524
"17_18015932","17",71.312049,1.23396144265325
"17_17142778","17",71.31205,1.23396131528489
"18_721947","18",0,0.0829466192951713
"18_70737","18",7.257501,0.33813006712262
"18_227536","18",7.407502,0.3468853325694
"18_474745","18",7.706503,0.336423644968818
"18_823493","18",8.007004,0.37781731945779
"18_1143128","18",8.560505,0.397763612153767
"18_983057","18",8.560506,0.397763612153085
"c18.loc10","18",10,0.308207821301266
"18_1782705","18",11.697507,0.196671812376508
"18_2022059","18",12.200508,0.130883689662369
"18_2200869","18",12.300009,0.128702334549189
"18_2662553","18",12.55001,0.149836252225668
"18_2813601","18",12.600011,0.150134666600934
"18_3084390","18",12.749512,0.133414319683652
"18_3190122","18",12.799513,0.143430321031474
"18_3488083","18",13.302014,0.149739139198346
"18_3402250","18",14.058015,0.135281490145871
"18_3555950","18",14.208016,0.143853331444689
"18_3752475","18",14.508017,0.136441786735759
"18_3952793","18",15.008518,0.207141615785758
"c18.loc20","18",20,0.313626624816834
"18_6135846","18",22.857519,0.48992430198291
"18_6012983","18",22.90702,0.490046295484262
"18_6229663","18",23.156521,0.530980607080892
"18_6710920","18",24.980522,0.385546378474373
"18_6936362","18",25.783523,0.599647892548091
"18_7076548","18",26.334024,0.677519658164783
"18_7128961","18",26.433525,0.757765843858806
"18_7569505","18",28.414026,0.910822499857659
"18_7653397","18",28.765027,0.829925117330731
"18_7809270","18",29.872528,0.908740048673508
"c18.loc30","18",30,0.879611261629407
"18_8237032","18",30.375029,0.814916396981516
"18_8343849","18",30.97653,0.854424298088588
"18_8494785","18",31.628031,1.10333611011879
"18_8998759","18",32.785032,1.23928913368536
"18_7997064","18",33.186533,1.20350570526375
"18_9598522","18",37.483534,0.935810405557277
"18_9651215","18",37.733035,0.765093666973598
"c18.loc40","18",40,0.735837213567038
"18_10304487","18",42.625036,0.667460434177883
"18_10584610","18",43.427537,1.03472084777104
"18_10762383","18",44.740538,0.947044250134695
"18_10907482","18",46.000539,1.45939934010767
"18_11215764","18",48.60554,1.40229834019692
"18_11286900","18",49.007041,1.31694702359664
"18_11482876","18",49.708542,1.38037267474738
"c18.loc50","18",50,1.43187244431192
"18_11553491","18",50.160543,1.43589666745834
"18_11419262","18",53.170544,1.72118689415333
"18_13686865","18",58.718045,1.8049540692823
"18_13446367","18",59.119546,1.64395067368923
"c18.loc60","18",60,1.42144006678245
"18_13860028","18",61.963047,0.916063147107934
"18_14135632","18",62.213048,0.977150335247188
"18_14215513","18",62.363049,0.959450237068268
"18_14491995","18",63.68205,0.871857729169733
"18_14551153","18",64.081551,0.856653451674219
"18_14734468","18",69.126052,0.133953125472317
"18_14788154","18",69.126053,0.133953125472317
"18_14846541","18",69.126054,0.133953125466633
"18_17295477","18",69.325555,0.105359360539524
"18_17449458","18",69.525556,0.099466480741512
"18_18048055","18",69.625557,0.127332783742077
"18_18227410","18",69.725058,0.115462031392326
"c18.loc70","18",70,0.107784111323099
"18_20579251","18",71.637059,0.106856961189123
"18_20761725","18",73.56956,0.101400698714997
"18_22144736","18",75.934061,0.133363092559648
"18_22455321","18",77.353062,0.130068163541409
"18_22586109","18",78.005063,0.089715959797104
"18_22656666","18",78.507564,0.105054014504731
"18_22829291","18",79.111565,0.138590277649428
"c18.loc80","18",80,0.155910063439251
"18_23201357","18",80.597566,0.195665864157945
"18_22955610","18",81.351567,0.164349399607545
"18_23738824","18",82.263568,0.217555943587286
"18_24904198","18",84.347069,0.220704846080935
"18_27803197","18",87.00307,0.126746411674276
"18_27872983","18",87.153071,0.154183130825686
"18_28307719","18",87.754072,0.153911366122429
"c18.loc90","18",90,0.224188385917842
"18_31650949","18",91.154573,0.313809700458478
"18_31185354","18",95.863074,0.792696180053781
"18_31885147","18",96.264075,0.68478507731993
"18_32908620","18",98.719576,0.693144512863228
"c18.loc100","18",100,0.859712169949489
"18_34123552","18",101.644077,1.0020584767467
"18_34523455","18",102.043578,0.628708568550337
"18_34381037","18",102.243579,0.622294149440222
"19_4132489","19",0,1.2099335872972
"19_1954527","19",8.299001,0.752225321548394
"c19.loc10","19",10,0.715251448150639
"19_197793","19",19.758502,0.444403217023137
"19_5269","19",19.808503,0.451760721257187
"c19.loc20","19",20,0.414702574752255
"19_271672","19",20.008004,0.413243521520371
"19_377073","19",20.208005,0.471999166230489
"19_472320","19",20.558006,0.451172359587417
"19_900536","19",21.367007,0.270694744972161
"19_984249","19",21.517008,0.283629587516543
"19_1219270","19",22.471009,0.342878840282538
"19_1306780","19",22.77101,0.341173369969283
"19_1367967","19",22.820511,0.338446974637463
"19_1471481","19",24.451012,0.494013100383881
"19_1612358","19",24.651013,0.560682189244289
"19_2096267","19",27.792014,0.480390780173821
"19_2366639","19",28.498515,0.589482177833361
"19_2600280","19",28.648016,0.492803292606823
"19_2689517","19",29.099017,0.596284691328037
"c19.loc30","19",30,0.542042701709988
"19_2847152","19",30.155518,0.530260236091863
"19_3299138","19",31.059519,0.473802437381664
"19_3372376","19",31.71102,0.551648250579092
"19_3429612","19",32.211521,0.5843815999458
"19_3532026","19",32.611022,0.713367413428614
"19_3653862","19",33.263523,0.657327691966429
"19_4492595","19",36.184024,0.623919377565926
"19_4706082","19",36.885025,0.795201171187955
"19_5003967","19",37.536526,0.824996663258617
"19_5072068","19",37.887527,0.819871044348702
"19_5314072","19",38.740528,0.656502377762081
"19_5485618","19",39.294029,0.621339361532819
"19_5807614","19",39.74603,0.637169596152717
"c19.loc40","19",40,0.650524967719775
"19_6382258","19",42.781531,0.756686704128015
"19_6693425","19",43.385532,0.770331515888756
"19_7055420","19",43.888033,0.74761100090268
"19_7474984","19",44.390534,0.754850258486613
"19_6602361","19",45.666035,0.769697503707448
"19_7169706","19",46.423536,0.701639200548243
"19_7238559","19",47.075037,0.688070456703372
"19_7350707","19",47.526538,0.739171430861461
"19_7548460","19",48.387039,0.739429540845777
"c19.loc50","19",50,0.995885786514009
"19_8299444","19",51.31454,1.15706618771537
"19_8133480","19",51.614541,1.29682384620401
"19_8367018","19",53.048042,1.21247097586524
"19_8566871","19",53.198043,1.10071564684199
"19_8657020","19",53.751544,1.01816897630101
"19_9045752","19",55.318045,0.813050894309526
"19_8787547","19",56.024546,0.756925440171017
"19_9229826","19",57.937047,1.1565670568757
"19_9486156","19",58.388548,1.17893327648972
"19_9695699","19",59.343549,1.44364287103531
"c19.loc60","19",60,1.73348833772138
"19_10825978","19",60.09655,1.7605557869415
"19_9748768","19",60.096551,1.76055578693263
"19_10336006","19",60.397052,1.57890823626803
"19_10514939","19",60.747553,1.46675081836747
"19_10666680","19",60.997554,1.54472052927144
"19_10724583","19",61.197555,1.37037542966277
"19_11030882","19",61.547556,1.36610881063052
"19_10968935","19",61.897557,1.32502849772436
"19_14747580","19",63.106558,1.03364620835418
"19_14659354","19",63.607059,1.06812477397284
"19_17622217","19",63.90706,1.1752959880198
"19_16452320","19",65.065061,1.25341429588889
"19_16370721","19",65.921562,1.36183095122237
"19_19077261","19",66.885063,1.45946926843089
"19_19968859","19",68.866064,1.5186863351646
"c19.loc70","19",70,1.52217852895205
"19_21537562","19",70.352065,1.50514386752775
"19_23034666","19",73.587566,1.31241673529507
"19_23614226","19",75.212067,1.19772463485219
"19_24632229","19",77.327568,1.07782533749537
