Name,Longitude,Latitude,Solution status,Correction type
row_1_1,-93.63243728,44.86782693,FIX,RTK
row_1_2,-93.63242712960896,44.86782693193937,FIX,RTK
row_1_3,-93.63241580959075,44.86782693410221,FIX,RTK
row_1_4,-93.63240399953075,44.86782693635869,FIX,RTK
row_1_5,-93.63239296966088,44.867826938466095,FIX,RTK
row_1_6,-93.63238008958575,44.86782694092701,FIX,RTK
row_1_7,-93.63236900962079,44.86782694304399,FIX,RTK
row_1_8,-93.6323574296977,44.86782694525649,FIX,RTK
row_1_9,-93.63234566968715,44.8678269475034,FIX,RTK
row_1_10,-93.63233522944446,44.86782694949815,FIX,RTK
row_1_11,-93.63232320945674,44.86782695179474,FIX,RTK
row_1_12,-93.6323111696478,44.86782695409511,FIX,RTK
row_1_13,-93.63230030960297,44.86782695617007,FIX,RTK
row_1_14,-93.6322887394973,44.8678269583807,FIX,RTK
row_1_15,-93.63227664951718,44.86782696069065,FIX,RTK
row_1_16,-93.63226548955603,44.86782696282292,FIX,RTK
row_1_17,-93.63225272965586,44.86782696526087,FIX,RTK
row_1_18,-93.63224203953872,44.86782696730336,FIX,RTK
row_1_19,-93.6322308695053,44.86782696943755,FIX,RTK
row_1_20,-93.63221986957838,44.86782697153924,FIX,RTK
row_1_21,-93.63220723960211,44.86782697395236,FIX,RTK
row_1_22,-93.6321959493671,44.86782697610952,FIX,RTK
row_1_23,-93.63218442944401,44.86782697831056,FIX,RTK
row_1_24,-93.6321728993916,44.867826980513534,FIX,RTK
row_1_25,-93.63216031946858,44.8678269829171,FIX,RTK
row_1_26,-93.63214933953405,44.867826985014965,FIX,RTK
row_1_27,-93.63213748943221,44.86782698727909,FIX,RTK
row_1_28,-93.63212623947108,44.86782698942855,FIX,RTK
row_1_29,-93.6321143694453,44.867826991696475,FIX,RTK
row_1_30,-93.63210267954885,44.867826993929995,FIX,RTK
row_1_31,-93.63209115963338,44.86782699613103,FIX,RTK
row_1_32,-93.63207939963041,44.86782699837794,FIX,RTK
row_1_33,-93.63206813968449,44.86782700052931,FIX,RTK
row_1_34,-93.63205754965102,44.86782700255268,FIX,RTK
row_1_35,-93.63204536965571,44.867827004879835,FIX,RTK
row_1_36,-93.63203407954623,44.867827007036965,FIX,RTK
row_1_37,-93.63202275952423,44.86782700919981,FIX,RTK
row_1_38,-93.63201065953653,44.86782701151168,FIX,RTK
row_1_39,-93.63199986949166,44.86782701357326,FIX,RTK
row_1_40,-93.6319876196523,44.86782701591376,FIX,RTK
row_1_41,-93.63197598963794,44.867827018135834,FIX,RTK
row_1_42,-93.63196494976425,44.86782702024515,FIX,RTK
row_1_43,-93.63195277961681,44.867827022570424,FIX,RTK
row_1_44,-93.63194075965953,44.867827024867005,FIX,RTK
row_1_45,-93.63192890964896,44.867827027131106,FIX,RTK
row_1_46,-93.63191805960412,44.86782702920416,FIX,RTK
row_1_47,-93.63190629955932,44.86782703145108,FIX,RTK
row_1_48,-93.63189500968186,44.867827033608165,FIX,RTK
row_1_49,-93.63188299971696,44.86782703590283,FIX,RTK
row_1_50,-93.63187211964548,44.86782703798162,FIX,RTK
row_1_51,-93.63185992963497,44.86782704031069,FIX,RTK
row_1_52,-93.63184834969286,44.86782704252319,FIX,RTK
row_1_53,-93.63183797965938,44.86782704450453,FIX,RTK
row_1_54,-93.63182639954991,44.86782704671707,FIX,RTK
row_1_55,-93.63181374950899,44.86782704913403,FIX,RTK
row_1_56,-93.63180297958586,44.867827051191775,FIX,RTK
row_1_57,-93.6317917496209,44.86782705333741,FIX,RTK
row_1_58,-93.63177984970544,44.86782705561105,FIX,RTK
row_1_59,-93.63176744973677,44.867827057980236,FIX,RTK
row_1_60,-93.63175634983648,44.86782706010102,FIX,RTK
row_1_61,-93.63174533979924,44.86782706220464,FIX,RTK
row_1_62,-93.63173302973549,44.86782706455665,FIX,RTK
row_1_63,-93.63172224981993,44.8678270666163,FIX,RTK
row_1_64,-93.63171028982842,44.86782706890142,FIX,RTK
row_1_65,-93.63169865997,44.86782707112346,FIX,RTK
row_1_66,-93.6316873397464,44.86782707328634,FIX,RTK
row_1_67,-93.63167598989557,44.86782707545489,FIX,RTK
row_1_68,-93.63166476972522,44.867827077598655,FIX,RTK
row_1_69,-93.63165229993913,44.867827079981176,FIX,RTK
row_1_70,-93.63164117975737,44.86782708210584,FIX,RTK
row_1_71,-93.63163013981521,44.86782708421517,FIX,RTK
row_1_72,-93.63161833983891,44.867827086469724,FIX,RTK
row_1_73,-93.63160649984357,44.867827088731914,FIX,RTK
row_1_74,-93.63159504987102,44.86782709091959,FIX,RTK
row_1_75,-93.63158378986043,44.867827093070964,FIX,RTK
row_1_76,-93.63157167999823,44.86782709538472,FIX,RTK
row_1_77,-93.63155990966436,44.86782709763361,FIX,RTK
row_1_78,-93.63154787969187,44.86782709993209,FIX,RTK
row_1_79,-93.63153611978022,44.867827102178985,FIX,RTK
row_1_80,-93.63152525972775,44.86782710425395,FIX,RTK
row_1_81,-93.63151316976287,44.8678271065639,FIX,RTK
row_1_82,-93.63150232978647,44.867827108635026,FIX,RTK
row_1_83,-93.63149045972646,44.867827110902965,FIX,RTK
row_1_84,-93.6314792096436,44.86782711305245,FIX,RTK
row_1_85,-93.63146715989554,44.867827115354714,FIX,RTK
row_1_86,-93.63145642970233,44.867827117404865,FIX,RTK
row_1_87,-93.63144549971832,44.86782711949319,FIX,RTK
row_1_88,-93.63143370976103,44.867827121745826,FIX,RTK
row_1_89,-93.63142139972008,44.86782712409782,FIX,RTK
row_1_90,-93.63140986977417,44.86782712630078,FIX,RTK
row_1_91,-93.63139808968755,44.867827128551525,FIX,RTK
row_1_92,-93.63138702969975,44.867827130664686,FIX,RTK
row_1_93,-93.63137495971965,44.867827132970824,FIX,RTK
row_1_94,-93.6313640597699,44.8678271350534,FIX,RTK
row_1_95,-93.63135216975174,44.86782713732516,FIX,RTK
row_1_96,-93.63134053982485,44.86782713954722,FIX,RTK
row_1_97,-93.63132984983324,44.867827141589686,FIX,RTK
row_1_98,-93.63131802985693,44.867827143848054,FIX,RTK
row_1_99,-93.63130668982731,44.86782714601472,FIX,RTK
row_1_100,-93.63129492990424,44.86782714826161,FIX,RTK
row_1_101,-93.63128405973006,44.867827150338506,FIX,RTK
row_1_102,-93.63127294982596,44.86782715246121,FIX,RTK
row_1_103,-93.63126072980403,44.86782715479601,FIX,RTK
row_1_104,-93.63124851975167,44.86782715712891,FIX,RTK
row_1_105,-93.6312377798019,44.86782715918092,FIX,RTK
row_1_106,-93.63122515981041,44.867827161592146,FIX,RTK
row_1_107,-93.63121367977702,44.86782716378556,FIX,RTK
row_1_108,-93.63120373978535,44.86782716568473,FIX,RTK
row_1_109,-93.63119105969498,44.86782716810744,FIX,RTK
row_1_110,-93.63117947970343,44.867827170319956,FIX,RTK
row_1_111,-93.63116854971564,44.867827172408276,FIX,RTK
row_1_112,-93.63115640995996,44.86782717472774,FIX,RTK
row_1_113,-93.63114460999506,44.86782717698229,FIX,RTK
row_1_114,-93.63113348992358,44.86782717910693,FIX,RTK
row_1_115,-93.63112157991304,44.8678271813825,FIX,RTK
row_1_116,-93.63111075990622,44.86782718344981,FIX,RTK
row_1_117,-93.631098419987,44.86782718580752,FIX,RTK
row_1_118,-93.63108730996498,44.867827187930246,FIX,RTK
row_1_119,-93.6310767200266,44.867827189953594,FIX,RTK
row_1_120,-93.63106420014924,44.867827192345686,FIX,RTK
row_1_121,-93.63105304007777,44.867827194477975,FIX,RTK
row_1_122,-93.63104006007111,44.86782719695798,FIX,RTK
row_1_123,-93.63103026011368,44.8678271988304,FIX,RTK
row_1_124,-93.63101902001178,44.86782720097797,FIX,RTK
row_1_125,-93.6310070898681,44.86782720325739,FIX,RTK
row_1_126,-93.63099557990319,44.86782720545653,FIX,RTK
row_1_127,-93.63098428996105,44.86782720761362,FIX,RTK
row_1_128,-93.6309718,44.86782721,FIX,RTK
row_2_1,-93.63243818,44.86785341,FIX,RTK
row_2_2,-93.63242632735759,44.86785339174404,FIX,RTK
row_2_3,-93.63241445020407,44.86785337345032,FIX,RTK
row_2_4,-93.63240372077601,44.86785335692439,FIX,RTK
row_2_5,-93.6323925681303,44.867853339746596,FIX,RTK
row_2_6,-93.63238018064189,44.86785332066684,FIX,RTK
row_2_7,-93.63237131948787,44.8678533070185,FIX,RTK
row_2_8,-93.63235801792553,44.867853286530845,FIX,RTK
row_2_9,-93.63234648531228,44.86785326876781,FIX,RTK
row_2_10,-93.63233399911218,44.86785324953602,FIX,RTK
row_2_11,-93.63232433909647,44.86785323465723,FIX,RTK
row_2_12,-93.63231180937031,44.8678532153584,FIX,RTK
row_2_13,-93.63229915884745,44.86785319587351,FIX,RTK
row_2_14,-93.63228898861951,44.867853180208876,FIX,RTK
row_2_15,-93.63227692600876,44.86785316162951,FIX,RTK
row_2_16,-93.63226631667213,44.86785314528854,FIX,RTK
row_2_17,-93.63225378719125,44.86785312599009,FIX,RTK
row_2_18,-93.6322427077342,44.86785310892502,FIX,RTK
row_2_19,-93.63222999678234,44.86785308934705,FIX,RTK
row_2_20,-93.63221915867334,44.86785307265372,FIX,RTK
row_2_21,-93.63220688658487,44.86785305375171,FIX,RTK
row_2_22,-93.63219421646072,44.867853034236624,FIX,RTK
row_2_23,-93.6321849865963,44.867853020020384,FIX,RTK
row_2_24,-93.63217406735313,44.867853003202086,FIX,RTK
row_2_25,-93.63216097612708,44.867852983038404,FIX,RTK
row_2_26,-93.63214947814384,44.8678529653287,FIX,RTK
row_2_27,-93.63213974693261,44.867852950340264,FIX,RTK
row_2_28,-93.63212386550511,44.86785292587899,FIX,RTK
row_2_29,-93.63211460744998,44.86785291161933,FIX,RTK
row_2_30,-93.63210347851442,44.86785289447805,FIX,RTK
row_2_31,-93.63209070900402,44.86785287480989,FIX,RTK
row_2_32,-93.63207970672556,44.867852857863696,FIX,RTK
row_2_33,-93.63206894723633,44.86785284129146,FIX,RTK
row_2_34,-93.63205734692315,44.867852823424144,FIX,RTK
row_2_35,-93.63204647777174,44.867852806683,FIX,RTK
row_2_36,-93.63203308927615,44.86785278606145,FIX,RTK
row_2_37,-93.6320227099691,44.867852770074784,FIX,RTK
row_2_38,-93.63201084787869,44.86785275180427,FIX,RTK
row_2_39,-93.6319986471084,44.86785273301211,FIX,RTK
row_2_40,-93.63198834847557,44.8678527171497,FIX,RTK
row_2_41,-93.63197658825513,44.86785269903609,FIX,RTK
row_2_42,-93.63196328785801,44.867852678550236,FIX,RTK
row_2_43,-93.6319536679341,44.8678526637332,FIX,RTK
row_2_44,-93.63194060768915,44.86785264361724,FIX,RTK
row_2_45,-93.6319288578673,44.86785262551965,FIX,RTK
row_2_46,-93.631915867806,44.867852605511786,FIX,RTK
row_2_47,-93.6319072774786,44.867852592280585,FIX,RTK
row_2_48,-93.63189430842911,44.86785257230508,FIX,RTK
row_2_49,-93.6318840373124,44.86785255648506,FIX,RTK
row_2_50,-93.63187153810736,44.86785253723323,FIX,RTK
row_2_51,-93.63186058739248,44.86785252036646,FIX,RTK
row_2_52,-93.63184846652982,44.86785250169738,FIX,RTK
row_2_53,-93.6318370579329,44.86785248412535,FIX,RTK
row_2_54,-93.63182583728064,44.86785246684281,FIX,RTK
row_2_55,-93.63181396696874,44.86785244855963,FIX,RTK
row_2_56,-93.63180309821594,44.8678524318191,FIX,RTK
row_2_57,-93.6317919579006,44.8678524146603,FIX,RTK
row_2_58,-93.63178038694335,44.8678523968382,FIX,RTK
row_2_59,-93.63176785758513,44.86785237753993,FIX,RTK
row_2_60,-93.63175555767388,44.867852358595066,FIX,RTK
row_2_61,-93.631744686836,44.867852341851325,FIX,RTK
row_2_62,-93.63173107732955,44.86785232088936,FIX,RTK
row_2_63,-93.63172082835919,44.86785230510345,FIX,RTK
row_2_64,-93.63170900838435,44.86785228689781,FIX,RTK
row_2_65,-93.63169891830935,44.867852271356625,FIX,RTK
row_2_66,-93.6316859965919,44.86785225145403,FIX,RTK
row_2_67,-93.63167652820044,44.8678522368704,FIX,RTK
row_2_68,-93.63166241878837,44.86785221513846,FIX,RTK
row_2_69,-93.6316519076728,44.867852198948775,FIX,RTK
row_2_70,-93.63164174842605,44.86785218330106,FIX,RTK
row_2_71,-93.6316293587912,44.867852164218,FIX,RTK
row_2_72,-93.63161749823395,44.86785214594985,FIX,RTK
row_2_73,-93.63160594976033,44.86785212816238,FIX,RTK
row_2_74,-93.6315961464643,44.86785211306291,FIX,RTK
row_2_75,-93.63158184926088,44.86785209104173,FIX,RTK
row_2_76,-93.63157158940132,44.86785207523904,FIX,RTK
row_2_77,-93.63155601953619,44.86785205125765,FIX,RTK
row_2_78,-93.63154765841047,44.86785203837948,FIX,RTK
row_2_79,-93.63153675754205,44.867852021589485,FIX,RTK
row_2_80,-93.63152524854696,44.86785200386282,FIX,RTK
row_2_81,-93.63151247833132,44.86785198419357,FIX,RTK
row_2_82,-93.63150055979813,44.867851965836124,FIX,RTK
row_2_83,-93.63148994800844,44.86785194949138,FIX,RTK
row_2_84,-93.63147789981315,44.867851930934215,FIX,RTK
row_2_85,-93.63146906758577,44.867851917330434,FIX,RTK
row_2_86,-93.63145634868839,44.86785189774023,FIX,RTK
row_2_87,-93.63144276807795,44.867851876822776,FIX,RTK
row_2_88,-93.6314330192892,44.86785186180726,FIX,RTK
row_2_89,-93.63142155915935,44.867851844155865,FIX,RTK
row_2_90,-93.63141185951179,44.86785182921604,FIX,RTK
row_2_91,-93.63139923917277,44.86785180977764,FIX,RTK
row_2_92,-93.63138794925676,44.867851792388414,FIX,RTK
row_2_93,-93.63137527858068,44.867851772872484,FIX,RTK
row_2_94,-93.6313640097991,44.86785175551581,FIX,RTK
row_2_95,-93.63135108986012,44.86785173561595,FIX,RTK
row_2_96,-93.63133844890794,44.8678517161458,FIX,RTK
row_2_97,-93.63132848085614,44.86785170079257,FIX,RTK
row_2_98,-93.63131787992498,44.86785168446455,FIX,RTK
row_2_99,-93.63130558016705,44.86785166551992,FIX,RTK
row_2_100,-93.63129568944719,44.8678516502858,FIX,RTK
row_2_101,-93.63128267094986,44.867851630234135,FIX,RTK
row_2_102,-93.63127182109308,44.86785161352271,FIX,RTK
row_2_103,-93.63125929035502,44.867851594222316,FIX,RTK
row_2_104,-93.63124889055744,44.86785157820409,FIX,RTK
row_2_105,-93.63123683159564,44.867851559630346,FIX,RTK
row_2_106,-93.63122591072731,44.86785154280955,FIX,RTK
row_2_107,-93.6312111505517,44.86785152007527,FIX,RTK
row_2_108,-93.63120194025791,44.86785150588917,FIX,RTK
row_2_109,-93.6311905604343,44.86785148836147,FIX,RTK
row_2_110,-93.63117815129017,44.86785146924836,FIX,RTK
row_2_111,-93.63116669959643,44.86785145160996,FIX,RTK
row_2_112,-93.63115674961277,44.86785143628455,FIX,RTK
row_2_113,-93.63114440092829,44.86785141726457,FIX,RTK
row_2_114,-93.63113148957875,44.86785139737794,FIX,RTK
row_2_115,-93.63112146069935,44.86785138193102,FIX,RTK
row_2_116,-93.63110959977413,44.8678513636623,FIX,RTK
row_2_117,-93.63109874040802,44.86785134693623,FIX,RTK
row_2_118,-93.6310864711099,44.86785132803851,FIX,RTK
row_2_119,-93.63107455855977,44.86785130969028,FIX,RTK
row_2_120,-93.63106232950678,44.86785129085455,FIX,RTK
row_2_121,-93.63105119017264,44.86785127369726,FIX,RTK
row_2_122,-93.63104127018883,44.867851258418064,FIX,RTK
row_2_123,-93.63102914966348,44.8678512397495,FIX,RTK
row_2_124,-93.6310168892001,44.8678512208654,FIX,RTK
row_2_125,-93.63100573857817,44.86785120369071,FIX,RTK
row_2_126,-93.63099331826886,44.86785118456041,FIX,RTK
row_2_127,-93.63098143145268,44.86785116625181,FIX,RTK
row_2_128,-93.63097088,44.86785115,FIX,RTK
row_3_1,-93.63243845,44.86787731,FIX,RTK
row_3_2,-93.63242716022208,44.86787729769087,FIX,RTK
row_3_3,-93.63241549081403,44.86787728496783,FIX,RTK
row_3_4,-93.63240467001482,44.86787727317003,FIX,RTK
row_3_5,-93.63239240028263,44.86787725979247,FIX,RTK
row_3_6,-93.63238127015703,44.86787724765741,FIX,RTK
row_3_7,-93.6323693391868,44.86787723464919,FIX,RTK
row_3_8,-93.63235733986636,44.86787722156646,FIX,RTK
row_3_9,-93.63234605917678,44.86787720926724,FIX,RTK
row_3_10,-93.63233492998451,44.8678771971332,FIX,RTK
row_3_11,-93.6323227599265,44.867877183864316,FIX,RTK
row_3_12,-93.63231038038991,44.86787717036703,FIX,RTK
row_3_13,-93.63230038850345,44.86787715947298,FIX,RTK
row_3_14,-93.63228954946244,44.867877147655285,FIX,RTK
row_3_15,-93.63227717951342,44.86787713416846,FIX,RTK
row_3_16,-93.63226429986949,44.86787712012592,FIX,RTK
row_3_17,-93.63225370959067,44.86787710857945,FIX,RTK
row_3_18,-93.6322414791204,44.867877095244694,FIX,RTK
row_3_19,-93.63223057971052,44.86787708336118,FIX,RTK
row_3_20,-93.63221870943475,44.86787707041914,FIX,RTK
row_3_21,-93.63220484087843,44.8678770552984,FIX,RTK
row_3_22,-93.63219488981669,44.86787704444886,FIX,RTK
row_3_23,-93.63218354864972,44.867877032083705,FIX,RTK
row_3_24,-93.63217368954129,44.86787702133442,FIX,RTK
row_3_25,-93.63216118913675,44.86787700770536,FIX,RTK
row_3_26,-93.6321491493606,44.867876994578516,FIX,RTK
row_3_27,-93.6321390594713,44.86787698357762,FIX,RTK
row_3_28,-93.63212657826362,44.86787696996949,FIX,RTK
row_3_29,-93.63211473935522,44.86787695706165,FIX,RTK
row_3_30,-93.63210305936114,44.86787694432707,FIX,RTK
row_3_31,-93.63209060945573,44.86787693075307,FIX,RTK
row_3_32,-93.6320798476362,44.867876919019565,FIX,RTK
row_3_33,-93.63206766951001,44.86787690574188,FIX,RTK
row_3_34,-93.63205637981889,44.86787689343285,FIX,RTK
row_3_35,-93.63204562904123,44.86787688171139,FIX,RTK
row_3_36,-93.63203506019495,44.86787687018828,FIX,RTK
row_3_37,-93.63202333013588,44.867876857399125,FIX,RTK
row_3_38,-93.63201148025075,44.86787684447932,FIX,RTK
row_3_39,-93.63199944910711,44.86787683136188,FIX,RTK
row_3_40,-93.63198797972031,44.867876818856935,FIX,RTK
row_3_41,-93.63197668892221,44.8678768065467,FIX,RTK
row_3_42,-93.63196327006096,44.867876791916245,FIX,RTK
row_3_43,-93.63195182000123,44.867876779432365,FIX,RTK
row_3_44,-93.63194059022315,44.867876767188655,FIX,RTK
row_3_45,-93.63192843031706,44.86787675393084,FIX,RTK
row_3_46,-93.6319199405108,44.86787674467449,FIX,RTK
row_3_47,-93.63190703032429,44.867876730598645,FIX,RTK
row_3_48,-93.63189632095738,44.86787671892234,FIX,RTK
row_3_49,-93.63188172984152,44.86787670301379,FIX,RTK
row_3_50,-93.6318721196255,44.86787669253587,FIX,RTK
row_3_51,-93.63186222988766,44.867876681753195,FIX,RTK
row_3_52,-93.6318464507064,44.86787666454932,FIX,RTK
row_3_53,-93.63183797940242,44.86787665531315,FIX,RTK
row_3_54,-93.63182474912985,44.86787664088832,FIX,RTK
row_3_55,-93.63181439971868,44.86787662960446,FIX,RTK
row_3_56,-93.63180248955152,44.86787661661893,FIX,RTK
row_3_57,-93.63179120933945,44.86787660432023,FIX,RTK
row_3_58,-93.63177936967135,44.867876591411566,FIX,RTK
row_3_59,-93.63176844950183,44.86787657950542,FIX,RTK
row_3_60,-93.63175471029405,44.8678765645257,FIX,RTK
row_3_61,-93.63174418060115,44.867876553045285,FIX,RTK
row_3_62,-93.63173340941111,44.86787654130157,FIX,RTK
row_3_63,-93.63172236978454,44.86787652926518,FIX,RTK
row_3_64,-93.63170975896787,44.86787651551574,FIX,RTK
row_3_65,-93.63169726917107,44.867876501898245,FIX,RTK
row_3_66,-93.63168689969484,44.86787649059251,FIX,RTK
row_3_67,-93.6316757807196,44.867876478469604,FIX,RTK
row_3_68,-93.63166251005643,44.867876464000744,FIX,RTK
row_3_69,-93.6316517198432,44.86787645223628,FIX,RTK
row_3_70,-93.63164127025864,44.86787644084321,FIX,RTK
row_3_71,-93.63162776057278,44.86787642611374,FIX,RTK
row_3_72,-93.63161812087777,44.86787641560368,FIX,RTK
row_3_73,-93.63160634097076,44.867876402760174,FIX,RTK
row_3_74,-93.63159359000247,44.86787638885792,FIX,RTK
row_3_75,-93.63158222044179,44.86787637646181,FIX,RTK
row_3_76,-93.63157198131255,44.867876365298194,FIX,RTK
row_3_77,-93.63155986064665,44.86787635208316,FIX,RTK
row_3_78,-93.6315490296304,44.867876340274215,FIX,RTK
row_3_79,-93.63153680978957,44.86787632695105,FIX,RTK
row_3_80,-93.63152499116329,44.86787631406532,FIX,RTK
row_3_81,-93.63151380010447,44.867876301863824,FIX,RTK
row_3_82,-93.63150213002358,44.86787628914006,FIX,RTK
row_3_83,-93.63149043083266,44.86787627638455,FIX,RTK
row_3_84,-93.63147875114248,44.86787626365031,FIX,RTK
row_3_85,-93.63146664034632,44.86787625044603,FIX,RTK
row_3_86,-93.63145606043648,44.86787623891087,FIX,RTK
row_3_87,-93.63144462994259,44.86787622644832,FIX,RTK
row_3_88,-93.63143335049021,44.86787621415045,FIX,RTK
row_3_89,-93.63142128121336,44.86787620099144,FIX,RTK
row_3_90,-93.63141015069706,44.86787618885595,FIX,RTK
row_3_91,-93.63139792037872,44.86787617552137,FIX,RTK
row_3_92,-93.63138569095031,44.86787616218775,FIX,RTK
row_3_93,-93.6313761607775,44.8678761517971,FIX,RTK
row_3_94,-93.63136406056738,44.867876138604366,FIX,RTK
row_3_95,-93.63135135055404,44.86787612474677,FIX,RTK
row_3_96,-93.63133998979953,44.86787611236026,FIX,RTK
row_3_97,-93.63132945182139,44.86787610087081,FIX,RTK
row_3_98,-93.63131652117912,44.86787608677267,FIX,RTK
row_3_99,-93.63130602996672,44.8678760753342,FIX,RTK
row_3_100,-93.6312942709496,44.867876062513474,FIX,RTK
row_3_101,-93.63128228117331,44.86787604944114,FIX,RTK
row_3_102,-93.63127099093957,44.867876037131516,FIX,RTK
row_3_103,-93.63125921044652,44.86787602428737,FIX,RTK
row_3_104,-93.63124877053633,44.867876012904844,FIX,RTK
row_3_105,-93.63123675004385,44.867875999799026,FIX,RTK
row_3_106,-93.63122580143721,44.86787598786187,FIX,RTK
row_3_107,-93.63121342999051,44.86787597437341,FIX,RTK
row_3_108,-93.63120109997628,44.86787596093013,FIX,RTK
row_3_109,-93.63118916996109,44.867875947922954,FIX,RTK
row_3_110,-93.63117679979503,44.867875934435894,FIX,RTK
row_3_111,-93.63116730983919,44.86787592408909,FIX,RTK
row_3_112,-93.63115625882347,44.86787591204028,FIX,RTK
row_3_113,-93.63114353885356,44.86787589817183,FIX,RTK
row_3_114,-93.63113130966391,44.867875884838476,FIX,RTK
row_3_115,-93.63111965925737,44.86787587213616,FIX,RTK
row_3_116,-93.6311085890231,44.8678758600664,FIX,RTK
row_3_117,-93.6310979887226,44.867875848509,FIX,RTK
row_3_118,-93.6310861688157,44.867875835621874,FIX,RTK
row_3_119,-93.63107454925559,44.86787582295319,FIX,RTK
row_3_120,-93.63106305939132,44.867875810425915,FIX,RTK
row_3_121,-93.63105332885,44.8678757998168,FIX,RTK
row_3_122,-93.63104111939984,44.86787578650497,FIX,RTK
row_3_123,-93.63102943916701,44.86787577377013,FIX,RTK
row_3_124,-93.63101746993333,44.8678757607202,FIX,RTK
row_3_125,-93.63100508915952,44.86787574722157,FIX,RTK
row_3_126,-93.63099491914018,44.86787573613331,FIX,RTK
row_3_127,-93.63098187127649,44.86787572190735,FIX,RTK
row_3_128,-93.63097095,44.86787571,FIX,RTK
row_4_1,-93.63243421,44.8679023,FIX,RTK
row_4_2,-93.63242476848805,44.86790228780116,FIX,RTK
row_4_3,-93.6324153289567,44.867902275604884,FIX,RTK
row_4_4,-93.63240389835163,44.867902260836054,FIX,RTK
row_4_5,-93.63239189888023,44.867902245332225,FIX,RTK
row_4_6,-93.63237954827821,44.86790222937472,FIX,RTK
row_4_7,-93.63236809816193,44.86790221458068,FIX,RTK
row_4_8,-93.63235692778751,44.86790220014808,FIX,RTK
row_4_9,-93.63234477787933,44.86790218444988,FIX,RTK
row_4_10,-93.63233274907681,44.86790216890816,FIX,RTK
row_4_11,-93.63232172677272,44.86790215466687,FIX,RTK
row_4_12,-93.63231088742607,44.86790214066197,FIX,RTK
row_4_13,-93.63229908792829,44.867902125416514,FIX,RTK
row_4_14,-93.63228856729448,44.86790211182341,FIX,RTK
row_4_15,-93.63227678766802,44.86790209660363,FIX,RTK
row_4_16,-93.6322641074272,44.86790208022022,FIX,RTK
row_4_17,-93.63225239741467,44.867902065090384,FIX,RTK
row_4_18,-93.63224124652575,44.86790205068296,FIX,RTK
row_4_19,-93.63222952792798,44.86790203554203,FIX,RTK
row_4_20,-93.63221854752719,44.86790202135488,FIX,RTK
row_4_21,-93.63220646743872,44.86790200574689,FIX,RTK
row_4_22,-93.63219361830453,44.86790198914527,FIX,RTK
row_4_23,-93.63218310720768,44.86790197556448,FIX,RTK
row_4_24,-93.63217184881417,44.867901961018156,FIX,RTK
row_4_25,-93.63216067635624,44.86790194658286,FIX,RTK
row_4_26,-93.63214846768292,44.867901930808735,FIX,RTK
row_4_27,-93.63213766882487,44.86790191685615,FIX,RTK
row_4_28,-93.6321268859798,44.86790190292425,FIX,RTK
row_4_29,-93.63211318774871,44.86790188522556,FIX,RTK
row_4_30,-93.63210097868958,44.86790186945093,FIX,RTK
row_4_31,-93.63209000875176,44.8679018552773,FIX,RTK
row_4_32,-93.63207915886498,44.867901841258785,FIX,RTK
row_4_33,-93.63206748802921,44.86790182617957,FIX,RTK
row_4_34,-93.63205643883761,44.86790181190354,FIX,RTK
row_4_35,-93.6320437885967,44.867901795558886,FIX,RTK
row_4_36,-93.63203296876127,44.8679017815792,FIX,RTK
row_4_37,-93.63202332727569,44.86790176912199,FIX,RTK
row_4_38,-93.6320107078321,44.86790175281713,FIX,RTK
row_4_39,-93.63199783874941,44.86790173618973,FIX,RTK
row_4_40,-93.63198788824232,44.86790172333325,FIX,RTK
row_4_41,-93.6319747596235,44.86790170637051,FIX,RTK
row_4_42,-93.63196372906854,44.867901692118565,FIX,RTK
row_4_43,-93.63195264792216,44.86790167780125,FIX,RTK
row_4_44,-93.63193966883983,44.86790166103172,FIX,RTK
row_4_45,-93.63192962846166,44.867901648059124,FIX,RTK
row_4_46,-93.63191790870638,44.8679016329167,FIX,RTK
row_4_47,-93.63190568782099,44.8679016171268,FIX,RTK
row_4_48,-93.6318950386795,44.86790160336765,FIX,RTK
row_4_49,-93.63188276833445,44.86790158751384,FIX,RTK
row_4_50,-93.63187125855275,44.867901572642715,FIX,RTK
row_4_51,-93.63186098866406,44.86790155937358,FIX,RTK
row_4_52,-93.63184786873339,44.86790154242207,FIX,RTK
row_4_53,-93.63183545018937,44.86790152637678,FIX,RTK
row_4_54,-93.6318257287298,44.86790151381624,FIX,RTK
row_4_55,-93.6318143184076,44.86790149907362,FIX,RTK
row_4_56,-93.63180155834712,44.86790148258707,FIX,RTK
row_4_57,-93.63179152802034,44.86790146962746,FIX,RTK
row_4_58,-93.6317790585505,44.867901453516374,FIX,RTK
row_4_59,-93.63176611815624,44.867901436796835,FIX,RTK
row_4_60,-93.63175646816259,44.86790142432863,FIX,RTK
row_4_61,-93.63174363918266,44.867901407753045,FIX,RTK
row_4_62,-93.63173173868206,44.867901392377085,FIX,RTK
row_4_63,-93.63172100833188,44.86790137851302,FIX,RTK
row_4_64,-93.63170939831903,44.86790136351239,FIX,RTK
row_4_65,-93.63169872807153,44.86790134972597,FIX,RTK
row_4_66,-93.6316859489114,44.86790133321475,FIX,RTK
row_4_67,-93.63167471876866,44.86790131870493,FIX,RTK
row_4_68,-93.63166363870259,44.86790130438901,FIX,RTK
row_4_69,-93.63165138853753,44.86790128856127,FIX,RTK
row_4_70,-93.63164014790611,44.8679012740379,FIX,RTK
row_4_71,-93.63162946830171,44.86790126023939,FIX,RTK
row_4_72,-93.63161927810408,44.86790124707323,FIX,RTK
row_4_73,-93.63160568794348,44.86790122951416,FIX,RTK
row_4_74,-93.63159194896657,44.86790121176281,FIX,RTK
row_4_75,-93.6315829987391,44.86790120019874,FIX,RTK
row_4_76,-93.63157084985981,44.86790118450187,FIX,RTK
row_4_77,-93.63155874974568,44.867901168868,FIX,RTK
row_4_78,-93.63154778903618,44.867901154706296,FIX,RTK
row_4_79,-93.63153573797017,44.86790113913581,FIX,RTK
row_4_80,-93.63152445998826,44.86790112456418,FIX,RTK
row_4_81,-93.63151158085417,44.867901107923785,FIX,RTK
row_4_82,-93.63150145029623,44.86790109483467,FIX,RTK
row_4_83,-93.6314900094597,44.86790108005262,FIX,RTK
row_4_84,-93.63147926936678,44.86790106617596,FIX,RTK
row_4_85,-93.63146529949037,44.867901048126285,FIX,RTK
row_4_86,-93.6314536210468,44.86790103303724,FIX,RTK
row_4_87,-93.63144103201465,44.867901016771675,FIX,RTK
row_4_88,-93.63143131993769,44.867901004223256,FIX,RTK
row_4_89,-93.63142154218231,44.86790099158998,FIX,RTK
row_4_90,-93.63140933944486,44.867900975823524,FIX,RTK
row_4_91,-93.63139726876474,44.867900960227686,FIX,RTK
row_4_92,-93.63138571980629,44.86790094530594,FIX,RTK
row_4_93,-93.63137379992308,44.86790092990494,FIX,RTK
row_4_94,-93.63136216774963,44.867900914875676,FIX,RTK
row_4_95,-93.63135080028246,44.867900900188424,FIX,RTK
row_4_96,-93.63133997011268,44.867900886195386,FIX,RTK
row_4_97,-93.63132746953688,44.86790087004411,FIX,RTK
row_4_98,-93.63131649885312,44.867900855869514,FIX,RTK
row_4_99,-93.63130630870694,44.86790084270341,FIX,RTK
row_4_100,-93.63129377972601,44.86790082651544,FIX,RTK
row_4_101,-93.63128168002345,44.867900810882105,FIX,RTK
row_4_102,-93.63127179044216,44.867900798104344,FIX,RTK
row_4_103,-93.63125959999395,44.867900782353765,FIX,RTK
row_4_104,-93.63124704959837,44.86790076613811,FIX,RTK
row_4_105,-93.63123706027464,44.86790075323148,FIX,RTK
row_4_106,-93.63122533933614,44.867900738087535,FIX,RTK
row_4_107,-93.63121203002343,44.867900720891335,FIX,RTK
row_4_108,-93.63120075756584,44.867900706326836,FIX,RTK
row_4_109,-93.63118917994504,44.86790069136806,FIX,RTK
row_4_110,-93.63117769923724,44.86790067653449,FIX,RTK
row_4_111,-93.63116679834748,44.867900662450076,FIX,RTK
row_4_112,-93.63115460946831,44.86790064670153,FIX,RTK
row_4_113,-93.63114323948038,44.867900632011015,FIX,RTK
row_4_114,-93.63113228936244,44.86790061786299,FIX,RTK
row_4_115,-93.6311192389171,44.86790060100127,FIX,RTK
row_4_116,-93.63110786047253,44.867900586299825,FIX,RTK
row_4_117,-93.63109824952701,44.867900573882075,FIX,RTK
row_4_118,-93.63108585889941,44.86790055787286,FIX,RTK
row_4_119,-93.63107399991627,44.867900542550544,FIX,RTK
row_4_120,-93.63106284967039,44.86790052814395,FIX,RTK
row_4_121,-93.63104980953366,44.86790051129554,FIX,RTK
row_4_122,-93.631041649818,44.86790050075284,FIX,RTK
row_4_123,-93.63102937895852,44.867900484898364,FIX,RTK
row_4_124,-93.63101643062205,44.867900468168564,FIX,RTK
row_4_125,-93.63100685844174,44.86790045580089,FIX,RTK
row_4_126,-93.63099450881717,44.867900439844654,FIX,RTK
row_4_127,-93.63098224957814,44.86790042400519,FIX,RTK
row_4_128,-93.63097141,44.86790041,FIX,RTK
row_5_1,-93.63243459,44.86792654,FIX,RTK
row_5_2,-93.63242733124379,44.867926533198904,FIX,RTK
row_5_3,-93.63241669100124,44.86792652322952,FIX,RTK
row_5_4,-93.63240243063444,44.867926509868255,FIX,RTK
row_5_5,-93.63239190026114,44.867926500001815,FIX,RTK
row_5_6,-93.63238077037386,44.86792648957366,FIX,RTK
row_5_7,-93.63236887867856,44.86792647843173,FIX,RTK
row_5_8,-93.63235759991072,44.86792646786408,FIX,RTK
row_5_9,-93.63234526939134,44.86792645631099,FIX,RTK
row_5_10,-93.63233447965267,44.86792644620154,FIX,RTK
row_5_11,-93.63232329942973,44.86792643572622,FIX,RTK
row_5_12,-93.63231119945088,44.86792642438913,FIX,RTK
row_5_13,-93.63230068870446,44.86792641454108,FIX,RTK
row_5_14,-93.63228881900501,44.86792640341976,FIX,RTK
row_5_15,-93.63227570902792,44.86792639113636,FIX,RTK
row_5_16,-93.63226503919579,44.86792638113925,FIX,RTK
row_5_17,-93.63225346906678,44.867926370298605,FIX,RTK
row_5_18,-93.63224140985265,44.86792635899972,FIX,RTK
row_5_19,-93.6322300792942,44.86792634838354,FIX,RTK
row_5_20,-93.632219099388,44.86792633809591,FIX,RTK
row_5_21,-93.63220760979979,44.867926327330736,FIX,RTK
row_5_22,-93.63219568926104,44.86792631616178,FIX,RTK
row_5_23,-93.63218304961887,44.867926304319056,FIX,RTK
row_5_24,-93.63217355926241,44.867926295427054,FIX,RTK
row_5_25,-93.63216142948879,44.86792628406206,FIX,RTK
row_5_26,-93.63215031047818,44.867926273644095,FIX,RTK
row_5_27,-93.6321374801835,44.867926261622735,FIX,RTK
row_5_28,-93.63212686025803,44.867926251672394,FIX,RTK
row_5_29,-93.63211458929086,44.8679262401751,FIX,RTK
row_5_30,-93.6321023888272,44.86792622874386,FIX,RTK
row_5_31,-93.6320905091091,44.86792621761315,FIX,RTK
row_5_32,-93.6320799300416,44.86792620770109,FIX,RTK
row_5_33,-93.63206880000509,44.867926197272794,FIX,RTK
row_5_34,-93.63205715944719,44.86792618636616,FIX,RTK
row_5_35,-93.63204508028903,44.86792617504859,FIX,RTK
row_5_36,-93.63203516030637,44.86792616575405,FIX,RTK
row_5_37,-93.63202151958409,44.86792615297337,FIX,RTK
row_5_38,-93.63201055969651,44.86792614270449,FIX,RTK
row_5_39,-93.63199916973507,44.86792613203266,FIX,RTK
row_5_40,-93.63198683020431,44.867926120471125,FIX,RTK
row_5_41,-93.63197600022323,44.86792611032397,FIX,RTK
row_5_42,-93.6319649389555,44.86792609996011,FIX,RTK
row_5_43,-93.63195215020896,44.86792608797768,FIX,RTK
row_5_44,-93.63193969927941,44.867926076311775,FIX,RTK
row_5_45,-93.63192945983823,44.86792606671792,FIX,RTK
row_5_46,-93.63191731924391,44.867926055342785,FIX,RTK
row_5_47,-93.6319052801976,44.86792604406279,FIX,RTK
row_5_48,-93.63189453948891,44.867926033999275,FIX,RTK
row_5_49,-93.63188288990098,44.86792602308419,FIX,RTK
row_5_50,-93.63187163031238,44.867926012534504,FIX,RTK
row_5_51,-93.63185988992252,44.867926001534336,FIX,RTK
row_5_52,-93.63184865938257,44.86792599101187,FIX,RTK
row_5_53,-93.63183583041224,44.867925978991764,FIX,RTK
row_5_54,-93.63182533934871,44.86792596916215,FIX,RTK
row_5_55,-93.63181376024563,44.8679259583131,FIX,RTK
row_5_56,-93.63180235979922,44.86792594763145,FIX,RTK
row_5_57,-93.63179051989454,44.867925936538036,FIX,RTK
row_5_58,-93.6317798503049,44.86792592654116,FIX,RTK
row_5_59,-93.63176907021183,44.86792591644074,FIX,RTK
row_5_60,-93.63175588974987,44.8679259040913,FIX,RTK
row_5_61,-93.63174430924784,44.86792589324094,FIX,RTK
row_5_62,-93.63173229990302,44.867925881988775,FIX,RTK
row_5_63,-93.63172050968113,44.86792587094192,FIX,RTK
row_5_64,-93.63171002913987,44.86792586112217,FIX,RTK
row_5_65,-93.63169687987167,44.86792584880195,FIX,RTK
row_5_66,-93.63168861955035,44.86792584106244,FIX,RTK
row_5_67,-93.63167551944267,44.86792582878828,FIX,RTK
row_5_68,-93.63166183967176,44.867925815971006,FIX,RTK
row_5_69,-93.63165202918528,44.86792580677906,FIX,RTK
row_5_70,-93.63164100948433,44.86792579645415,FIX,RTK
row_5_71,-93.63162941043726,44.867925785586415,FIX,RTK
row_5_72,-93.63161911013816,44.86792577593554,FIX,RTK
row_5_73,-93.63160599995588,44.86792576365195,FIX,RTK
row_5_74,-93.63159495038555,44.86792575329904,FIX,RTK
row_5_75,-93.63158220964306,44.867925741361596,FIX,RTK
row_5_76,-93.63157094990521,44.86792573081178,FIX,RTK
row_5_77,-93.63155988973803,44.867925720448945,FIX,RTK
row_5_78,-93.63154893964524,44.86792571018925,FIX,RTK
row_5_79,-93.63153664918174,44.86792569867369,FIX,RTK
row_5_80,-93.63152492920223,44.86792568769264,FIX,RTK
row_5_81,-93.6315133599499,44.86792567685282,FIX,RTK
row_5_82,-93.63150072017719,44.86792566500998,FIX,RTK
row_5_83,-93.63149121941036,44.86792565610823,FIX,RTK
row_5_84,-93.63148010032515,44.86792564569019,FIX,RTK
row_5_85,-93.631468568909,44.86792563488582,FIX,RTK
row_5_86,-93.63145587950943,44.86792562299648,FIX,RTK
row_5_87,-93.63144519995711,44.86792561299027,FIX,RTK
row_5_88,-93.63143322895212,44.867925601774026,FIX,RTK
row_5_89,-93.6314333990824,44.86792560193343,FIX,RTK
row_5_90,-93.63142165968115,44.86792559093419,FIX,RTK
row_5_91,-93.63140980046666,44.86792557982269,FIX,RTK
row_5_92,-93.63139901944093,44.8679255697214,FIX,RTK
row_5_93,-93.63138618022815,44.86792555769169,FIX,RTK
row_5_94,-93.63137585996638,44.867925548022114,FIX,RTK
row_5_95,-93.63136291870194,44.86792553589679,FIX,RTK
row_5_96,-93.63135220907508,44.86792552586239,FIX,RTK
row_5_97,-93.6313412305119,44.86792551557602,FIX,RTK
row_5_98,-93.63132921993598,44.8679255043227,FIX,RTK
row_5_99,-93.6313186398612,44.86792549440969,FIX,RTK
row_5_100,-93.63130637947226,44.86792548292231,FIX,RTK
row_5_101,-93.63129270985056,44.86792547011455,FIX,RTK
row_5_102,-93.63128153968356,44.86792545964865,FIX,RTK
row_5_103,-93.63127140975722,44.867925450157415,FIX,RTK
row_5_104,-93.63126012960906,44.86792543958847,FIX,RTK
row_5_105,-93.63124738989247,44.86792542765198,FIX,RTK
row_5_106,-93.63123554903646,44.86792541655768,FIX,RTK
row_5_107,-93.63122468959638,44.86792540638292,FIX,RTK
row_5_108,-93.63121331961625,44.86792539572981,FIX,RTK
row_5_109,-93.63120224920658,44.86792538535738,FIX,RTK
row_5_110,-93.63119025030943,44.86792537411501,FIX,RTK
row_5_111,-93.63117873924766,44.86792536332971,FIX,RTK
row_5_112,-93.63116611992258,44.867925351506024,FIX,RTK
row_5_113,-93.63115562975437,44.86792534167725,FIX,RTK
row_5_114,-93.63114399055814,44.8679253307719,FIX,RTK
row_5_115,-93.6311323499816,44.86792531986525,FIX,RTK
row_5_116,-93.6311197801901,44.867925308087976,FIX,RTK
row_5_117,-93.63110914013409,44.86792529811877,FIX,RTK
row_5_118,-93.63109671961485,44.86792528648135,FIX,RTK
row_5_119,-93.63108435982298,44.86792527490084,FIX,RTK
row_5_120,-93.63107377045704,44.86792526497912,FIX,RTK
row_5_121,-93.63106326939351,44.86792525514014,FIX,RTK
row_5_122,-93.63105194027136,44.86792524452532,FIX,RTK
row_5_123,-93.63103900018206,44.86792523240109,FIX,RTK
row_5_124,-93.63102886088994,44.86792522290107,FIX,RTK
row_5_125,-93.6310169101647,44.867925211703835,FIX,RTK
row_5_126,-93.63100506012945,44.86792520060093,FIX,RTK
row_5_127,-93.63099408068958,44.867925190313734,FIX,RTK
row_5_128,-93.63098376067032,44.867925180644384,FIX,RTK
row_5_129,-93.6309724,44.86792517,FIX,RTK
row_6_1,-93.63243743,44.86795105,FIX,RTK
row_6_2,-93.6324265101525,44.86795104150763,FIX,RTK
row_6_3,-93.63241571977842,44.86795103311595,FIX,RTK
row_6_4,-93.63240353013371,44.86795102363606,FIX,RTK
row_6_5,-93.6323921004881,44.86795101474722,FIX,RTK
row_6_6,-93.63237980965135,44.86795100518863,FIX,RTK
row_6_7,-93.63236919947833,44.8679509969371,FIX,RTK
row_6_8,-93.63235857907308,44.8679509886776,FIX,RTK
row_6_9,-93.63234477004964,44.867950977938314,FIX,RTK
row_6_10,-93.6323329986549,44.867950968783695,FIX,RTK
row_6_11,-93.63232237956568,44.86795096052523,FIX,RTK
row_6_12,-93.63230981987498,44.867950950757546,FIX,RTK
row_6_13,-93.63229804942466,44.86795094160367,FIX,RTK
row_6_14,-93.63228803982378,44.867950933819195,FIX,RTK
row_6_15,-93.6322758287547,44.86795092432264,FIX,RTK
row_6_16,-93.6322638699303,44.867950915022256,FIX,RTK
row_6_17,-93.63225216952635,44.86795090592285,FIX,RTK
row_6_18,-93.6322413503135,44.86795089750874,FIX,RTK
row_6_19,-93.63223012933612,44.86795088878218,FIX,RTK
row_6_20,-93.6322198795807,44.86795088081094,FIX,RTK
row_6_21,-93.63220683934868,44.867950870669546,FIX,RTK
row_6_22,-93.63219436998301,44.867950860972115,FIX,RTK
row_6_23,-93.63218435008798,44.867950853179636,FIX,RTK
row_6_24,-93.63217210014918,44.86795084365286,FIX,RTK
row_6_25,-93.6321603796059,44.86795083453778,FIX,RTK
row_6_26,-93.63214830943465,44.86795082515081,FIX,RTK
row_6_27,-93.63213699988178,44.86795081635536,FIX,RTK
row_6_28,-93.63212703990926,44.867950808609486,FIX,RTK
row_6_29,-93.63211487973811,44.86795079915252,FIX,RTK
row_6_30,-93.63210376967407,44.86795079051221,FIX,RTK
row_6_31,-93.63209235967233,44.86795078163865,FIX,RTK
row_6_32,-93.63208061943874,44.867950772508266,FIX,RTK
row_6_33,-93.6320688694374,44.86795076337028,FIX,RTK
row_6_34,-93.63205735850683,44.867950754418224,FIX,RTK
row_6_35,-93.63204454929638,44.86795074445649,FIX,RTK
row_6_36,-93.63203127903368,44.86795073413621,FIX,RTK
row_6_37,-93.63201857022565,44.86795072425256,FIX,RTK
row_6_38,-93.6320093893387,44.86795071711258,FIX,RTK
row_6_39,-93.63199733966287,44.86795070774154,FIX,RTK
row_6_40,-93.63198900871298,44.86795070126256,FIX,RTK
row_6_41,-93.63197389973756,44.867950689512305,FIX,RTK
row_6_42,-93.63196393928507,44.867950681766054,FIX,RTK
row_6_43,-93.63195305966975,44.867950673304975,FIX,RTK
row_6_44,-93.63194190926514,44.8679506646333,FIX,RTK
row_6_45,-93.63193053999103,44.867950655791404,FIX,RTK
row_6_46,-93.63191757005309,44.86795064570468,FIX,RTK
row_6_47,-93.63190557910761,44.86795063637932,FIX,RTK
row_6_48,-93.6318947198329,44.86795062793405,FIX,RTK
row_6_49,-93.6318802494013,44.86795061668039,FIX,RTK
row_6_50,-93.63187012901095,44.86795060880976,FIX,RTK
row_6_51,-93.63185811831322,44.86795059946903,FIX,RTK
row_6_52,-93.63184718875989,44.867950590969116,FIX,RTK
row_6_53,-93.63183779853895,44.867950583666335,FIX,RTK
row_6_54,-93.63182451917424,44.867950573338966,FIX,RTK
row_6_55,-93.63181402945008,44.867950565181104,FIX,RTK
row_6_56,-93.63180270916955,44.867950556377316,FIX,RTK
row_6_57,-93.63179207927524,44.86795054811044,FIX,RTK
row_6_58,-93.63177970921272,44.86795053849024,FIX,RTK
row_6_59,-93.63176740874756,44.86795052892416,FIX,RTK
row_6_60,-93.63175621905522,44.86795052022193,FIX,RTK
row_6_61,-93.63174501882098,44.86795051151151,FIX,RTK
row_6_62,-93.63173455894194,44.86795050337685,FIX,RTK
row_6_63,-93.6317205490672,44.86795049248137,FIX,RTK
row_6_64,-93.63170840872571,44.86795048303982,FIX,RTK
row_6_65,-93.63169638829119,44.86795047369152,FIX,RTK
row_6_66,-93.63168601879913,44.86795046562716,FIX,RTK
row_6_67,-93.63167488930797,44.867950456971755,FIX,RTK
row_6_68,-93.63166339907407,44.86795044803579,FIX,RTK
row_6_69,-93.63165167896433,44.867950438921056,FIX,RTK
row_6_70,-93.63163914843753,44.86795042917606,FIX,RTK
row_6_71,-93.63163049827763,44.86795042244883,FIX,RTK
row_6_72,-93.63161782897413,44.8679504125959,FIX,RTK
row_6_73,-93.63160630965375,44.86795040363732,FIX,RTK
row_6_74,-93.63159320931342,44.867950393449185,FIX,RTK
row_6_75,-93.63158369968097,44.867950386053536,FIX,RTK
row_6_76,-93.63157104964976,44.8679503762156,FIX,RTK
row_6_77,-93.63155916952472,44.86795036697642,FIX,RTK
row_6_78,-93.63154827997135,44.86795035850761,FIX,RTK
row_6_79,-93.63153639984631,44.86795034926843,FIX,RTK
row_6_80,-93.63152336001684,44.867950339127354,FIX,RTK
row_6_81,-93.63151333029212,44.86795033132723,FIX,RTK
row_6_82,-93.63150310943739,44.867950323378466,FIX,RTK
row_6_83,-93.63149006979371,44.86795031323753,FIX,RTK
row_6_84,-93.63147836938977,44.86795030413812,FIX,RTK
row_6_85,-93.63146620793356,44.86795029468015,FIX,RTK
row_6_86,-93.63145522005244,44.86795028613487,FIX,RTK
row_6_87,-93.63144415978707,44.867950277533296,FIX,RTK
row_6_88,-93.63143200950752,44.867950268084016,FIX,RTK
row_6_89,-93.6314208493971,44.86795025940479,FIX,RTK
row_6_90,-93.63140880972125,44.86795025004153,FIX,RTK
row_6_91,-93.63139775021453,44.86795024144055,FIX,RTK
row_6_92,-93.63138679840077,44.86795023292332,FIX,RTK
row_6_93,-93.63137630901721,44.86795022476572,FIX,RTK
row_6_94,-93.63136269863105,44.867950214180915,FIX,RTK
row_6_95,-93.63135343898281,44.867950206979685,FIX,RTK
row_6_96,-93.63134038986557,44.86795019683138,FIX,RTK
row_6_97,-93.63132815892035,44.867950187319366,FIX,RTK
row_6_98,-93.63131933872971,44.8679501804599,FIX,RTK
row_6_99,-93.6313051391029,44.867950169416844,FIX,RTK
row_6_100,-93.63129410920908,44.867950160838895,FIX,RTK
row_6_101,-93.63128102950353,44.8679501506668,FIX,RTK
row_6_102,-93.63127070813799,44.86795014263987,FIX,RTK
row_6_103,-93.63125984856912,44.86795013419438,FIX,RTK
row_6_104,-93.63123667896859,44.867950116175365,FIX,RTK
row_6_105,-93.6312252988739,44.867950107325065,FIX,RTK
row_6_106,-93.63121377902712,44.86795009836607,FIX,RTK
row_6_107,-93.6312014189491,44.86795008875364,FIX,RTK
row_6_108,-93.63119046866814,44.8679500802376,FIX,RTK
row_6_109,-93.63117879877507,44.867950071161914,FIX,RTK
row_6_110,-93.6311684487411,44.86795006311269,FIX,RTK
row_6_111,-93.63115781842875,44.86795005484549,FIX,RTK
row_6_112,-93.63114346853892,44.867950043685575,FIX,RTK
row_6_113,-93.63113268923314,44.8679500353025,FIX,RTK
row_6_114,-93.63112007924833,44.86795002549571,FIX,RTK
row_6_115,-93.63110897842562,44.86795001686259,FIX,RTK
row_6_116,-93.6310972383159,44.867950007732304,FIX,RTK
row_6_117,-93.63108675837498,44.86794999958205,FIX,RTK
row_6_118,-93.6310748585596,44.86794999032756,FIX,RTK
row_6_119,-93.6310623691475,44.86794998061454,FIX,RTK
row_6_120,-93.63105171950095,44.867949972332305,FIX,RTK
row_6_121,-93.63103938933,44.867949962743126,FIX,RTK
row_6_122,-93.63102664922147,44.86794995283513,FIX,RTK
row_6_123,-93.63101576906428,44.867949944373635,FIX,RTK
row_6_124,-93.63100647929221,44.86794993714897,FIX,RTK
row_6_125,-93.63099328958678,44.867949926891335,FIX,RTK
row_6_126,-93.63098276956849,44.86794991870991,FIX,RTK
row_6_127,-93.63097157,44.86794991,FIX,RTK
row_7_1,-93.63243591,44.86797582,FIX,RTK
row_7_2,-93.632426620529,44.86797581048833,FIX,RTK
row_7_3,-93.63241485047203,44.86797579843675,FIX,RTK
row_7_4,-93.63240192051941,44.86797578519753,FIX,RTK
row_7_5,-93.63239060915687,44.86797577361562,FIX,RTK
row_7_6,-93.632379308732,44.8679757620449,FIX,RTK
row_7_7,-93.63236732987814,44.867975749779525,FIX,RTK
row_7_8,-93.63235685763733,44.8679757390568,FIX,RTK
row_7_9,-93.63234310815524,44.86797572497845,FIX,RTK
row_7_10,-93.6323342583164,44.867975715916934,FIX,RTK
row_7_11,-93.63232367815503,44.86797570508371,FIX,RTK
row_7_12,-93.63230858828845,44.867975689632914,FIX,RTK
row_7_13,-93.6322976679851,44.86797567845141,FIX,RTK
row_7_14,-93.63228640910937,44.867975666923236,FIX,RTK
row_7_15,-93.63227585898868,44.86797565612077,FIX,RTK
row_7_16,-93.63226444831943,44.86797564443717,FIX,RTK
row_7_17,-93.63225308852661,44.86797563280567,FIX,RTK
row_7_18,-93.63224151879535,44.8679756209592,FIX,RTK
row_7_19,-93.63223148875514,44.86797561068926,FIX,RTK
row_7_20,-93.63221880884277,44.86797559770606,FIX,RTK
row_7_21,-93.63220779911036,44.86797558643298,FIX,RTK
row_7_22,-93.6321949387499,44.86797557326502,FIX,RTK
row_7_23,-93.63218234930616,44.867975560374454,FIX,RTK
row_7_24,-93.63217185881845,44.867975549633044,FIX,RTK
row_7_25,-93.63215929835543,44.86797553677215,FIX,RTK
row_7_26,-93.63214906829525,44.8679755262974,FIX,RTK
row_7_27,-93.6321371789316,44.86797551412366,FIX,RTK
row_7_28,-93.6321263089339,44.867975502993666,FIX,RTK
row_7_29,-93.6321146192233,44.86797549102435,FIX,RTK
row_7_30,-93.63210168931144,44.86797547778517,FIX,RTK
row_7_31,-93.6320910591094,44.86797546690071,FIX,RTK
row_7_32,-93.63207962919442,44.8679754551974,FIX,RTK
row_7_33,-93.63206828911616,44.86797544358608,FIX,RTK
row_7_34,-93.63205669020036,44.86797543170974,FIX,RTK
row_7_35,-93.63204507871615,44.867975419820525,FIX,RTK
row_7_36,-93.63203339998397,44.86797540786245,FIX,RTK
row_7_37,-93.63202083774752,44.86797539499974,FIX,RTK
row_7_38,-93.63200977962559,44.86797538367712,FIX,RTK
row_7_39,-93.6319975583465,44.867975371163524,FIX,RTK
row_7_40,-93.63198807738783,44.86797536145579,FIX,RTK
row_7_41,-93.63197468833307,44.86797534774649,FIX,RTK
row_7_42,-93.63196463664177,44.867975337454375,FIX,RTK
row_7_43,-93.63195322898939,44.86797532577387,FIX,RTK
row_7_44,-93.6319417481572,44.86797531401843,FIX,RTK
row_7_45,-93.63192785861428,44.86797529979666,FIX,RTK
row_7_46,-93.631917488799,44.867975289178816,FIX,RTK
row_7_47,-93.63190522953803,44.86797527662633,FIX,RTK
row_7_48,-93.63189537888591,44.867975266540064,FIX,RTK
row_7_49,-93.63188502849982,44.867975255942106,FIX,RTK
row_7_50,-93.63187028973326,44.86797524085081,FIX,RTK
row_7_51,-93.63185747925039,44.867975227733915,FIX,RTK
row_7_52,-93.63184824880082,44.86797521828269,FIX,RTK
row_7_53,-93.63183622909091,44.867975205975476,FIX,RTK
row_7_54,-93.63182532901173,44.86797519481468,FIX,RTK
row_7_55,-93.63181391901516,44.867975183131776,FIX,RTK
row_7_56,-93.63180217857082,44.867975171110515,FIX,RTK
row_7_57,-93.63178922715056,44.86797515784931,FIX,RTK
row_7_58,-93.63177725925476,44.86797514559516,FIX,RTK
row_7_59,-93.6317668289096,44.86797513491533,FIX,RTK
row_7_60,-93.63175592976812,44.8679751237555,FIX,RTK
row_7_61,-93.63174551950446,44.86797511309623,FIX,RTK
row_7_62,-93.63173277889913,44.867975100050884,FIX,RTK
row_7_63,-93.63171918964095,44.86797508613659,FIX,RTK
row_7_64,-93.63171024847732,44.867975076981566,FIX,RTK
row_7_65,-93.63169499952836,44.86797506136788,FIX,RTK
row_7_66,-93.63168579907872,44.86797505194737,FIX,RTK
row_7_67,-93.63167494989638,44.86797504083869,FIX,RTK
row_7_68,-93.63166213941349,44.8679750277218,FIX,RTK
row_7_69,-93.63165015053927,44.86797501544616,FIX,RTK
row_7_70,-93.63164094982464,44.867975006025375,FIX,RTK
row_7_71,-93.63162930066433,44.86797499409759,FIX,RTK
row_7_72,-93.63161859021785,44.867974983130956,FIX,RTK
row_7_73,-93.63160588146744,44.867974970118226,FIX,RTK
row_7_74,-93.63159343094304,44.8679749573699,FIX,RTK
row_7_75,-93.63158186104873,44.86797494552327,FIX,RTK
row_7_76,-93.63157026168447,44.867974933646465,FIX,RTK
row_7_77,-93.63155975078911,44.867974922884166,FIX,RTK
row_7_78,-93.6315487513013,44.86797491162158,FIX,RTK
row_7_79,-93.63153726144759,44.867974899856904,FIX,RTK
row_7_80,-93.6315254013908,44.867974887713174,FIX,RTK
row_7_81,-93.6315140615164,44.86797487610206,FIX,RTK
row_7_82,-93.63150206201028,44.86797486381554,FIX,RTK
row_7_83,-93.63148847146788,44.86797484989993,FIX,RTK
row_7_84,-93.63147800208088,44.86797483918013,FIX,RTK
row_7_85,-93.63146663141156,44.86797482753749,FIX,RTK
row_7_86,-93.63145478202742,44.86797481540468,FIX,RTK
row_7_87,-93.63144301119584,44.867974803352304,FIX,RTK
row_7_88,-93.63143173046517,44.86797479180176,FIX,RTK
row_7_89,-93.63142102128252,44.86797478083642,FIX,RTK
row_7_90,-93.63140960185673,44.867974769143856,FIX,RTK
row_7_91,-93.631397460924,44.86797475671253,FIX,RTK
row_7_92,-93.63138723186265,44.8679747462388,FIX,RTK
row_7_93,-93.63137349211556,44.86797473217042,FIX,RTK
row_7_94,-93.63136310177032,44.867974721531546,FIX,RTK
row_7_95,-93.63135190163062,44.867974710063514,FIX,RTK
row_7_96,-93.63134122161215,44.86797469912804,FIX,RTK
row_7_97,-93.63132883218839,44.86797468644228,FIX,RTK
row_7_98,-93.631316632275,44.86797467395056,FIX,RTK
row_7_99,-93.63130467205536,44.86797466170427,FIX,RTK
row_7_100,-93.63129308183494,44.867974649836825,FIX,RTK
row_7_101,-93.63128123124814,44.86797463770279,FIX,RTK
row_7_102,-93.63127050127054,44.86797462671616,FIX,RTK
row_7_103,-93.6312602114143,44.867974616180184,FIX,RTK
row_7_104,-93.63124806099123,44.867974603739135,FIX,RTK
row_7_105,-93.63123699203355,44.867974592405425,FIX,RTK
row_7_106,-93.63122446136663,44.86797457957504,FIX,RTK
row_7_107,-93.63121329108418,44.867974568137576,FIX,RTK
row_7_108,-93.63120205135225,44.86797455662901,FIX,RTK
row_7_109,-93.6311913307427,44.867974545651975,FIX,RTK
row_7_110,-93.631179611766,44.86797453365269,FIX,RTK
row_7_111,-93.63116799099525,44.86797452175397,FIX,RTK
row_7_112,-93.63115490183796,44.867974508351736,FIX,RTK
row_7_113,-93.63114427173784,44.86797449746738,FIX,RTK
row_7_114,-93.63113205166142,44.86797448495501,FIX,RTK
row_7_115,-93.63112293090586,44.8679744756161,FIX,RTK
row_7_116,-93.63111063113536,44.867974463022136,FIX,RTK
row_7_117,-93.63109888095605,44.86797445099091,FIX,RTK
row_7_118,-93.63108784144794,44.867974439687345,FIX,RTK
row_7_119,-93.63107599086113,44.86797442755331,FIX,RTK
row_7_120,-93.6310628005829,44.86797441404754,FIX,RTK
row_7_121,-93.63104917120249,44.86797440009216,FIX,RTK
row_7_122,-93.6310384606337,44.86797438912541,FIX,RTK
row_7_123,-93.63102843063425,44.8679743788555,FIX,RTK
row_7_124,-93.63101586121087,44.86797436598543,FIX,RTK
row_7_125,-93.63100640029293,44.86797435629822,FIX,RTK
row_7_126,-93.63099432064429,44.867974343929646,FIX,RTK
row_7_127,-93.63098216793814,44.86797433148626,FIX,RTK
row_7_128,-93.63097095,44.86797432,FIX,RTK
row_8_1,-93.6316406,44.86800139,FIX,RTK
row_8_2,-93.6316283869768,44.868001348663164,FIX,RTK
row_8_3,-93.63161777088494,44.86800131273139,FIX,RTK
row_8_4,-93.63160575547147,44.86800127206339,FIX,RTK
row_8_5,-93.63159325400464,44.86800122975028,FIX,RTK
row_8_6,-93.6315824763393,44.868001193271624,FIX,RTK
row_8_7,-93.63157055600472,44.86800115292544,FIX,RTK
row_8_8,-93.63155810777104,44.8680011107925,FIX,RTK
row_8_9,-93.63154871710923,44.86800107900837,FIX,RTK
row_8_10,-93.63153705521896,44.86800103953693,FIX,RTK
row_8_11,-93.63152583325126,44.86800100155447,FIX,RTK
row_8_12,-93.63151455526042,44.86800096338239,FIX,RTK
row_8_13,-93.63150245647971,44.86800092243222,FIX,RTK
row_8_14,-93.63148928671269,44.86800087785714,FIX,RTK
row_8_15,-93.63147763576552,44.86800083842274,FIX,RTK
row_8_16,-93.63146895266182,44.868000809033454,FIX,RTK
row_8_17,-93.631454758174,44.86800076099005,FIX,RTK
row_8_18,-93.63144186321226,44.86800071734509,FIX,RTK
row_8_19,-93.6314318751246,44.86800068353888,FIX,RTK
row_8_20,-93.63142049915749,44.86800064503519,FIX,RTK
row_8_21,-93.63140684122092,44.868000598807825,FIX,RTK
row_8_22,-93.63139566992591,44.868000560996876,FIX,RTK
row_8_23,-93.63138502037093,44.86800052495184,FIX,RTK
row_8_24,-93.63137451074539,44.86800048938041,FIX,RTK
row_8_25,-93.63136419902646,44.868000454478825,FIX,RTK
row_8_26,-93.63135183180168,44.86800041262007,FIX,RTK
row_8_27,-93.6313398418056,44.868000372038104,FIX,RTK
row_8_28,-93.63132927894691,44.8680003362865,FIX,RTK
row_8_29,-93.6313178996781,44.86800029777163,FIX,RTK
row_8_30,-93.6313058592115,44.86800025701884,FIX,RTK
row_8_31,-93.63129298031382,44.868000213428246,FIX,RTK
row_8_32,-93.63128116071815,44.86800017342303,FIX,RTK
row_8_33,-93.6312718677631,44.86800014196961,FIX,RTK
row_8_34,-93.63125950148165,44.868000100114045,FIX,RTK
row_8_35,-93.63124846159866,44.86800006274788,FIX,RTK
row_8_36,-93.6312370291641,44.86800002405307,FIX,RTK
row_8_37,-93.6312263100824,44.8679999877727,FIX,RTK
row_8_38,-93.63121255140692,44.86799994120437,FIX,RTK
row_8_39,-93.63120036020254,44.86799989994138,FIX,RTK
row_8_40,-93.63119194282028,44.86799987145147,FIX,RTK
row_8_41,-93.63117841151171,44.867999825652696,FIX,RTK
row_8_42,-93.63116803107462,44.867999790518525,FIX,RTK
row_8_43,-93.63115519183913,44.86799974706218,FIX,RTK
row_8_44,-93.63114306097029,44.8679997060034,FIX,RTK
row_8_45,-93.63113273201445,44.867999671043485,FIX,RTK
row_8_46,-93.6311222839373,44.86799963568038,FIX,RTK
row_8_47,-93.63110926457114,44.86799959161435,FIX,RTK
row_8_48,-93.63109730423746,44.867999551132776,FIX,RTK
row_8_49,-93.63108580382593,44.86799951220788,FIX,RTK
row_8_50,-93.63107433402014,44.867999473386575,FIX,RTK
row_8_51,-93.63106262617386,44.86799943375959,FIX,RTK
row_8_52,-93.63105106508989,44.867999394629344,FIX,RTK
row_8_53,-93.63104238501832,44.86799936525032,FIX,RTK
row_8_54,-93.63102949511014,44.86799932162246,FIX,RTK
row_8_55,-93.63101895339646,44.867999285942425,FIX,RTK
row_8_56,-93.63100672057587,44.86799924453858,FIX,RTK
row_8_57,-93.63099356566003,44.86799920001377,FIX,RTK
row_8_58,-93.63098285320905,44.86799916375585,FIX,RTK
row_8_59,-93.63097288,44.86799913,FIX,RTK
